site,block,plot,time_month,treatment,species,number_recovered,number_original,number_herbivorized,notes,pct_recovered,mean_1seed,sd_1seed,number_lost
mo,1,2,0.25,carpet,RUDHIR,7,20,NA,NA,0.35,2.5e-4,1.0198039027185568e-5,13
mo,1,2,0.25,carpet,CORTIN,7,20,NA,NA,0.35,2.148e-4,1.3603921003397022e-5,13
mo,1,2,0.25,carpet,TRIPER,10,20,NA,NA,0.5,2.48e-5,1.6865480854231363e-6,10
mo,1,2,0.25,sticky,TRIPER,17,20,NA,NA,0.85,2.48e-5,1.6865480854231363e-6,3
mo,1,2,0.25,sticky,ECHPAL,18,20,NA,NA,0.9,0.0045968,1.8277660924989524e-4,2
mo,1,2,0.25,carpet,DESCAN,18,20,NA,NA,0.9,0.00442,3.0210520610468724e-4,2
mo,1,2,0.25,sticky,DESCAN,19,20,NA,NA,0.95,0.00442,3.0210520610468724e-4,1
mo,1,2,0.25,sticky,CORTIN,19,20,NA,NA,0.95,2.148e-4,1.3603921003397022e-5,1
mo,1,2,0.25,sticky,LESCAP,20,20,NA,NA,1,0.00328,9.864864700316754e-5,0
mo,1,2,0.25,sticky,SCHSCO,20,20,NA,NA,1,0.0018332,1.1412351982732469e-4,0
mo,1,2,0.25,sticky,SPOHET,20,20,NA,NA,1,0.001996,8.69635939153084e-5,0
mo,1,2,0.25,sticky,RUDHIR,20,20,NA,NA,1,2.5e-4,1.0198039027185568e-5,0
mo,1,2,0.25,carpet,LESCAP,20,20,NA,NA,1,0.00328,9.864864700316754e-5,0
mo,1,2,0.25,carpet,SCHSCO,19,20,NA,NA,0.95,0.0018332,1.1412351982732469e-4,1
mo,1,2,0.25,carpet,SPOHET,19,20,NA,NA,0.95,0.001996,8.69635939153084e-5,1
mo,1,2,0.25,carpet,ECHPAL,19,20,NA,NA,0.95,0.0045968,1.8277660924989524e-4,1
mo,1,4,2,carpet,CORTIN,0,20,NA,NA,0,2.148e-4,1.3603921003397022e-5,20
mo,1,4,2,carpet,DESCAN,1,20,11,NA,0.05,0.00442,3.0210520610468724e-4,19
mo,1,4,2,sticky,DESCAN,2,20,NA,NA,0.1,0.00442,3.0210520610468724e-4,18
mo,1,4,2,sticky,SPOHET,3,20,NA,NA,0.15,0.001996,8.69635939153084e-5,17
mo,1,4,2,sticky,ECHPAL,3,20,NA,NA,0.15,0.0045968,1.8277660924989524e-4,17
mo,1,4,2,carpet,RUDHIR,3,20,1,NA,0.15,2.5e-4,1.0198039027185568e-5,17
mo,1,4,2,carpet,ECHPAL,4,20,4,NA,0.2,0.0045968,1.8277660924989524e-4,16
mo,1,4,2,carpet,SPOHET,7,20,12,NA,0.35,0.001996,8.69635939153084e-5,13
mo,1,4,2,carpet,TRIPER,8,20,1,NA,0.4,2.48e-5,1.6865480854231363e-6,12
mo,1,4,2,carpet,LESCAP,10,20,NA,NA,0.5,0.00328,9.864864700316754e-5,10
mo,1,4,2,carpet,SCHSCO,11,20,6,NA,0.55,0.0018332,1.1412351982732469e-4,9
mo,1,4,2,sticky,SCHSCO,13,20,NA,NA,0.65,0.0018332,1.1412351982732469e-4,7
mo,1,4,2,sticky,CORTIN,13,20,NA,NA,0.65,2.148e-4,1.3603921003397022e-5,7
mo,1,4,2,sticky,LESCAP,15,20,NA,NA,0.75,0.00328,9.864864700316754e-5,5
mo,1,4,2,sticky,TRIPER,15,20,NA,NA,0.75,2.48e-5,1.6865480854231363e-6,5
mo,1,4,2,sticky,RUDHIR,18,20,NA,NA,0.9,2.5e-4,1.0198039027185568e-5,2
mo,1,6,1,carpet,CORTIN,3,20,NA,NA,0.15,2.148e-4,1.3603921003397022e-5,17
mo,1,6,1,carpet,TRIPER,5,20,NA,NA,0.25,2.48e-5,1.6865480854231363e-6,15
mo,1,6,1,carpet,ECHPAL,9,20,lots of herbivory,NA,0.45,0.0045968,1.8277660924989524e-4,11
mo,1,6,1,sticky,TRIPER,10,20,NA,NA,0.5,2.48e-5,1.6865480854231363e-6,10
mo,1,6,1,carpet,RUDHIR,10,20,NA,NA,0.5,2.5e-4,1.0198039027185568e-5,10
mo,1,6,1,carpet,SPOHET,13,20,NA,NA,0.65,0.001996,8.69635939153084e-5,7
mo,1,6,1,carpet,LESCAP,14,20,NA,NA,0.7,0.00328,9.864864700316754e-5,6
mo,1,6,1,carpet,DESCAN,16,20,NA,NA,0.8,0.00442,3.0210520610468724e-4,4
mo,1,6,1,sticky,LESCAP,17,20,NA,NA,0.85,0.00328,9.864864700316754e-5,3
mo,1,6,1,carpet,SCHSCO,18,20,NA,NA,0.9,0.0018332,1.1412351982732469e-4,2
mo,1,6,1,sticky,RUDHIR,19,20,NA,NA,0.95,2.5e-4,1.0198039027185568e-5,1
mo,1,6,1,sticky,CORTIN,19,20,NA,NA,0.95,2.148e-4,1.3603921003397022e-5,1
mo,1,6,1,sticky,DESCAN,20,20,NA,NA,1,0.00442,3.0210520610468724e-4,0
mo,1,6,1,sticky,SCHSCO,20,20,NA,NA,1,0.0018332,1.1412351982732469e-4,0
mo,1,6,1,sticky,SPOHET,20,20,NA,NA,1,0.001996,8.69635939153084e-5,0
mo,1,6,1,sticky,ECHPAL,20,20,NA,NA,1,0.0045968,1.8277660924989524e-4,0
mo,1,31,1,post-sticky,ECHPAL,0,20,NA,NA,0,0.0045968,1.8277660924989524e-4,20
mo,1,31,1,post-sticky,DESCAN,1,20,NA,NA,0.05,0.00442,3.0210520610468724e-4,19
mo,1,31,1,post-sticky,SPOHET,2,20,NA,NA,0.1,0.001996,8.69635939153084e-5,18
mo,1,31,1,post-sticky,LESCAP,4,20,NA,NA,0.2,0.00328,9.864864700316754e-5,16
mo,1,31,1,post-sticky,TRIPER,8,20,NA,NA,0.4,2.48e-5,1.6865480854231363e-6,12
mo,1,31,1,post-sticky,SCHSCO,13,20,NA,NA,0.65,0.0018332,1.1412351982732469e-4,7
mo,1,31,1,post-sticky,CORTIN,13,20,NA,NA,0.65,2.148e-4,1.3603921003397022e-5,7
mo,1,31,1,post-sticky,RUDHIR,18,20,NA,NA,0.9,2.5e-4,1.0198039027185568e-5,2
mo,2,8,1,carpet,CORTIN,0,20,NA,NA,0,2.148e-4,1.3603921003397022e-5,20
mo,2,8,1,carpet,RUDHIR,1,20,NA,NA,0.05,2.5e-4,1.0198039027185568e-5,19
mo,2,8,1,carpet,SCHSCO,12,20,NA,NA,0.6,0.0018332,1.1412351982732469e-4,8
mo,2,8,1,sticky,ECHPAL,13,20,NA,not a super great stick on all of the trap,0.65,0.0045968,1.8277660924989524e-4,7
mo,2,8,1,carpet,TRIPER,13,20,NA,NA,0.65,2.48e-5,1.6865480854231363e-6,7
mo,2,8,1,carpet,LESCAP,15,20,NA,NA,0.75,0.00328,9.864864700316754e-5,5
mo,2,8,1,sticky,LESCAP,16,20,NA,not a super great stick on all of the trap,0.8,0.00328,9.864864700316754e-5,4
mo,2,8,1,sticky,SCHSCO,16,20,NA,not a super great stick on all of the trap,0.8,0.0018332,1.1412351982732469e-4,4
mo,2,8,1,carpet,DESCAN,16,20,NA,NA,0.8,0.00442,3.0210520610468724e-4,4
mo,2,8,1,carpet,ECHPAL,17,20,NA,NA,0.85,0.0045968,1.8277660924989524e-4,3
mo,2,8,1,sticky,DESCAN,18,20,1,not a super great stick on all of the trap,0.9,0.00442,3.0210520610468724e-4,2
mo,2,8,1,sticky,CORTIN,18,20,NA,not a super great stick on all of the trap,0.9,2.148e-4,1.3603921003397022e-5,2
mo,2,8,1,sticky,SPOHET,19,20,1,not a super great stick on all of the trap,0.95,0.001996,8.69635939153084e-5,1
mo,2,8,1,sticky,TRIPER,19,20,NA,not a super great stick on all of the trap,0.95,2.48e-5,1.6865480854231363e-6,1
mo,2,8,1,carpet,SPOHET,19,20,NA,NA,0.95,0.001996,8.69635939153084e-5,1
mo,2,8,1,sticky,RUDHIR,20,20,NA,not a super great stick on all of the trap,1,2.5e-4,1.0198039027185568e-5,0
mo,2,10,0.25,carpet,CORTIN,9,20,NA,NA,0.45,2.148e-4,1.3603921003397022e-5,11
mo,2,10,0.25,sticky,TRIPER,10,20,NA,NA,0.5,2.48e-5,1.6865480854231363e-6,10
mo,2,10,0.25,carpet,TRIPER,12,20,NA,NA,0.6,2.48e-5,1.6865480854231363e-6,8
mo,2,10,0.25,sticky,LESCAP,15,20,NA,NA,0.75,0.00328,9.864864700316754e-5,5
mo,2,10,0.25,sticky,RUDHIR,17,20,NA,NA,0.85,2.5e-4,1.0198039027185568e-5,3
mo,2,10,0.25,carpet,LESCAP,17,20,NA,NA,0.85,0.00328,9.864864700316754e-5,3
mo,2,10,0.25,sticky,SCHSCO,18,20,NA,NA,0.9,0.0018332,1.1412351982732469e-4,2
mo,2,10,0.25,sticky,ECHPAL,18,20,NA,NA,0.9,0.0045968,1.8277660924989524e-4,2
mo,2,10,0.25,carpet,SCHSCO,18,20,NA,NA,0.9,0.0018332,1.1412351982732469e-4,2
mo,2,10,0.25,carpet,RUDHIR,18,20,NA,NA,0.9,2.5e-4,1.0198039027185568e-5,2
mo,2,10,0.25,sticky,CORTIN,19,20,NA,NA,0.95,2.148e-4,1.3603921003397022e-5,1
mo,2,10,0.25,carpet,SPOHET,19,20,NA,NA,0.95,0.001996,8.69635939153084e-5,1
mo,2,10,0.25,carpet,ECHPAL,19,20,NA,NA,0.95,0.0045968,1.8277660924989524e-4,1
mo,2,10,0.25,sticky,DESCAN,20,20,NA,NA,1,0.00442,3.0210520610468724e-4,0
mo,2,10,0.25,sticky,SPOHET,20,20,NA,NA,1,0.001996,8.69635939153084e-5,0
mo,2,10,0.25,carpet,DESCAN,20,20,NA,NA,1,0.00442,3.0210520610468724e-4,0
mo,2,12,2,carpet,CORTIN,0,20,NA,NA,0,2.148e-4,1.3603921003397022e-5,20
mo,2,12,2,sticky,DESCAN,2,20,NA,NA,0.1,0.00442,3.0210520610468724e-4,18
mo,2,12,2,sticky,TRIPER,2,20,NA,NA,0.1,2.48e-5,1.6865480854231363e-6,18
mo,2,12,2,carpet,RUDHIR,2,20,NA,NA,0.1,2.5e-4,1.0198039027185568e-5,18
mo,2,12,2,carpet,DESCAN,4,20,2,NA,0.2,0.00442,3.0210520610468724e-4,16
mo,2,12,2,carpet,TRIPER,6,20,1,NA,0.3,2.48e-5,1.6865480854231363e-6,14
mo,2,12,2,carpet,SPOHET,8,20,7,NA,0.4,0.001996,8.69635939153084e-5,12
mo,2,12,2,sticky,SPOHET,9,20,NA,NA,0.45,0.001996,8.69635939153084e-5,11
mo,2,12,2,carpet,SCHSCO,10,20,5,NA,0.5,0.0018332,1.1412351982732469e-4,10
mo,2,12,2,carpet,LESCAP,11,20,NA,NA,0.55,0.00328,9.864864700316754e-5,9
mo,2,12,2,carpet,ECHPAL,11,20,8,NA,0.55,0.0045968,1.8277660924989524e-4,9
mo,2,12,2,sticky,CORTIN,12,20,NA,NA,0.6,2.148e-4,1.3603921003397022e-5,8
mo,2,12,2,sticky,RUDHIR,13,20,NA,NA,0.65,2.5e-4,1.0198039027185568e-5,7
mo,2,12,2,sticky,ECHPAL,16,20,NA,NA,0.8,0.0045968,1.8277660924989524e-4,4
mo,2,12,2,sticky,LESCAP,18,20,NA,NA,0.9,0.00328,9.864864700316754e-5,2
mo,2,12,2,sticky,SCHSCO,18,20,NA,NA,0.9,0.0018332,1.1412351982732469e-4,2
mo,2,32,1,post-sticky,TRIPER,5,20,NA,NA,0.25,2.48e-5,1.6865480854231363e-6,15
mo,2,32,1,post-sticky,LESCAP,6,20,NA,NA,0.3,0.00328,9.864864700316754e-5,14
mo,2,32,1,post-sticky,CORTIN,7,20,NA,NA,0.35,2.148e-4,1.3603921003397022e-5,13
mo,2,32,1,post-sticky,DESCAN,9,20,NA,NA,0.45,0.00442,3.0210520610468724e-4,11
mo,2,32,1,post-sticky,RUDHIR,10,20,NA,NA,0.5,2.5e-4,1.0198039027185568e-5,10
mo,2,32,1,post-sticky,ECHPAL,12,20,NA,NA,0.6,0.0045968,1.8277660924989524e-4,8
mo,2,32,1,post-sticky,SPOHET,14,20,NA,NA,0.7,0.001996,8.69635939153084e-5,6
mo,2,32,1,post-sticky,SCHSCO,19,20,NA,NA,0.95,0.0018332,1.1412351982732469e-4,1
mo,3,14,0.25,carpet,CORTIN,0,20,NA,NA,0,2.148e-4,1.3603921003397022e-5,20
mo,3,14,0.25,carpet,RUDHIR,3,20,NA,NA,0.15,2.5e-4,1.0198039027185568e-5,17
mo,3,14,0.25,sticky,ECHPAL,10,20,NA,didn't get sprayed well so I think the smooth stuff didn't stick,0.5,0.0045968,1.8277660924989524e-4,10
mo,3,14,0.25,sticky,TRIPER,11,20,NA,didn't get sprayed well so I think the smooth stuff didn't stick,0.55,2.48e-5,1.6865480854231363e-6,9
mo,3,14,0.25,sticky,SPOHET,14,20,NA,didn't get sprayed well so I think the smooth stuff didn't stick,0.7,0.001996,8.69635939153084e-5,6
mo,3,14,0.25,sticky,LESCAP,15,20,NA,didn't get sprayed well so I think the smooth stuff didn't stick,0.75,0.00328,9.864864700316754e-5,5
mo,3,14,0.25,carpet,DESCAN,17,20,NA,NA,0.85,0.00442,3.0210520610468724e-4,3
mo,3,14,0.25,carpet,TRIPER,17,20,NA,NA,0.85,2.48e-5,1.6865480854231363e-6,3
mo,3,14,0.25,sticky,DESCAN,18,20,NA,didn't get sprayed well so I think the smooth stuff didn't stick,0.9,0.00442,3.0210520610468724e-4,2
mo,3,14,0.25,sticky,SCHSCO,18,20,NA,didn't get sprayed well so I think the smooth stuff didn't stick,0.9,0.0018332,1.1412351982732469e-4,2
mo,3,14,0.25,carpet,ECHPAL,18,20,NA,NA,0.9,0.0045968,1.8277660924989524e-4,2
mo,3,14,0.25,carpet,SCHSCO,19,20,NA,NA,0.95,0.0018332,1.1412351982732469e-4,1
mo,3,14,0.25,sticky,RUDHIR,20,20,NA,didn't get sprayed well so I think the smooth stuff didn't stick,1,2.5e-4,1.0198039027185568e-5,0
mo,3,14,0.25,sticky,CORTIN,20,20,NA,didn't get sprayed well so I think the smooth stuff didn't stick,1,2.148e-4,1.3603921003397022e-5,0
mo,3,14,0.25,carpet,LESCAP,20,20,NA,NA,1,0.00328,9.864864700316754e-5,0
mo,3,14,0.25,carpet,SPOHET,20,20,NA,NA,1,0.001996,8.69635939153084e-5,0
mo,3,16,1,carpet,CORTIN,1,20,NA,NA,0.05,2.148e-4,1.3603921003397022e-5,19
mo,3,16,1,carpet,RUDHIR,2,20,NA,NA,0.1,2.5e-4,1.0198039027185568e-5,18
mo,3,16,1,carpet,TRIPER,4,20,NA,NA,0.2,2.48e-5,1.6865480854231363e-6,16
mo,3,16,1,sticky,TRIPER,11,20,NA,rabbit poop,0.55,2.48e-5,1.6865480854231363e-6,9
mo,3,16,1,carpet,DESCAN,11,20,NA,NA,0.55,0.00442,3.0210520610468724e-4,9
mo,3,16,1,sticky,DESCAN,14,20,3,rabbit poop,0.7,0.00442,3.0210520610468724e-4,6
mo,3,16,1,sticky,ECHPAL,14,20,NA,rabbit poop,0.7,0.0045968,1.8277660924989524e-4,6
mo,3,16,1,sticky,RUDHIR,14,20,NA,rabbit poop,0.7,2.5e-4,1.0198039027185568e-5,6
mo,3,16,1,sticky,CORTIN,15,20,NA,rabbit poop,0.75,2.148e-4,1.3603921003397022e-5,5
mo,3,16,1,carpet,LESCAP,15,20,NA,NA,0.75,0.00328,9.864864700316754e-5,5
mo,3,16,1,sticky,SCHSCO,17,20,NA,rabbit poop,0.85,0.0018332,1.1412351982732469e-4,3
mo,3,16,1,sticky,LESCAP,18,20,NA,rabbit poop,0.9,0.00328,9.864864700316754e-5,2
mo,3,16,1,sticky,SPOHET,18,20,NA,rabbit poop,0.9,0.001996,8.69635939153084e-5,2
mo,3,16,1,carpet,ECHPAL,18,20,NA,NA,0.9,0.0045968,1.8277660924989524e-4,2
mo,3,16,1,carpet,SCHSCO,19,20,NA,NA,0.95,0.0018332,1.1412351982732469e-4,1
mo,3,16,1,carpet,SPOHET,20,20,NA,NA,1,0.001996,8.69635939153084e-5,0
mo,3,18,2,sticky,ECHPAL,1,20,NA,NA,0.05,0.0045968,1.8277660924989524e-4,19
mo,3,18,2,carpet,DESCAN,2,20,9,NA,0.1,0.00442,3.0210520610468724e-4,18
mo,3,18,2,sticky,DESCAN,3,20,NA,NA,0.15,0.00442,3.0210520610468724e-4,17
mo,3,18,2,carpet,RUDHIR,4,20,1,NA,0.2,2.5e-4,1.0198039027185568e-5,16
mo,3,18,2,carpet,CORTIN,4,20,NA,NA,0.2,2.148e-4,1.3603921003397022e-5,16
mo,3,18,2,carpet,TRIPER,5,20,NA,NA,0.25,2.48e-5,1.6865480854231363e-6,15
mo,3,18,2,sticky,TRIPER,7,20,NA,NA,0.35,2.48e-5,1.6865480854231363e-6,13
mo,3,18,2,sticky,SPOHET,8,20,NA,NA,0.4,0.001996,8.69635939153084e-5,12
mo,3,18,2,sticky,SCHSCO,13,20,NA,NA,0.65,0.0018332,1.1412351982732469e-4,7
mo,3,18,2,sticky,CORTIN,13,20,NA,NA,0.65,2.148e-4,1.3603921003397022e-5,7
mo,3,18,2,sticky,RUDHIR,14,20,NA,NA,0.7,2.5e-4,1.0198039027185568e-5,6
mo,3,18,2,sticky,LESCAP,16,20,NA,NA,0.8,0.00328,9.864864700316754e-5,4
mo,3,18,2,carpet,LESCAP,17,20,NA,NA,0.85,0.00328,9.864864700316754e-5,3
mo,3,18,2,carpet,SPOHET,17,20,1,NA,0.85,0.001996,8.69635939153084e-5,3
mo,3,18,2,carpet,ECHPAL,17,20,1,NA,0.85,0.0045968,1.8277660924989524e-4,3
mo,3,18,2,carpet,SCHSCO,18,20,NA,NA,0.9,0.0018332,1.1412351982732469e-4,2
mo,3,33,1,post-sticky,LESCAP,5,20,NA,just a half stick - so about half didn't have a good spray.,0.25,0.00328,9.864864700316754e-5,15
mo,3,33,1,post-sticky,DESCAN,5,20,NA,just a half stick - so about half didn't have a good spray.,0.25,0.00442,3.0210520610468724e-4,15
mo,3,33,1,post-sticky,TRIPER,9,20,NA,just a half stick - so about half didn't have a good spray.,0.45,2.48e-5,1.6865480854231363e-6,11
mo,3,33,1,post-sticky,SPOHET,12,20,NA,just a half stick - so about half didn't have a good spray.,0.6,0.001996,8.69635939153084e-5,8
mo,3,33,1,post-sticky,ECHPAL,14,20,NA,just a half stick - so about half didn't have a good spray.,0.7,0.0045968,1.8277660924989524e-4,6
mo,3,33,1,post-sticky,CORTIN,15,20,NA,just a half stick - so about half didn't have a good spray.,0.75,2.148e-4,1.3603921003397022e-5,5
mo,3,33,1,post-sticky,SCHSCO,17,20,NA,just a half stick - so about half didn't have a good spray.,0.85,0.0018332,1.1412351982732469e-4,3
mo,3,33,1,post-sticky,RUDHIR,20,20,NA,just a half stick - so about half didn't have a good spray.,1,2.5e-4,1.0198039027185568e-5,0
mo,4,20,1,carpet,CORTIN,0,20,NA,NA,0,2.148e-4,1.3603921003397022e-5,20
mo,4,20,1,carpet,RUDHIR,1,20,NA,NA,0.05,2.5e-4,1.0198039027185568e-5,19
mo,4,20,1,sticky,ECHPAL,4,20,NA,NA,0.2,0.0045968,1.8277660924989524e-4,16
mo,4,20,1,carpet,TRIPER,9,20,NA,NA,0.45,2.48e-5,1.6865480854231363e-6,11
mo,4,20,1,sticky,TRIPER,12,20,NA,NA,0.6,2.48e-5,1.6865480854231363e-6,8
mo,4,20,1,carpet,DESCAN,14,20,NA,NA,0.7,0.00442,3.0210520610468724e-4,6
mo,4,20,1,sticky,LESCAP,15,20,NA,NA,0.75,0.00328,9.864864700316754e-5,5
mo,4,20,1,carpet,LESCAP,15,20,NA,NA,0.75,0.00328,9.864864700316754e-5,5
mo,4,20,1,sticky,RUDHIR,17,20,NA,NA,0.85,2.5e-4,1.0198039027185568e-5,3
mo,4,20,1,sticky,CORTIN,17,20,NA,NA,0.85,2.148e-4,1.3603921003397022e-5,3
mo,4,20,1,carpet,SCHSCO,17,20,NA,NA,0.85,0.0018332,1.1412351982732469e-4,3
mo,4,20,1,sticky,DESCAN,18,20,2,NA,0.9,0.00442,3.0210520610468724e-4,2
mo,4,20,1,sticky,SCHSCO,18,20,NA,NA,0.9,0.0018332,1.1412351982732469e-4,2
mo,4,20,1,sticky,SPOHET,18,20,1,NA,0.9,0.001996,8.69635939153084e-5,2
mo,4,20,1,carpet,SPOHET,18,20,NA,NA,0.9,0.001996,8.69635939153084e-5,2
mo,4,20,1,carpet,ECHPAL,20,20,NA,NA,1,0.0045968,1.8277660924989524e-4,0
mo,4,22,0.25,carpet,CORTIN,5,20,NA,NA,0.25,2.148e-4,1.3603921003397022e-5,15
mo,4,22,0.25,carpet,RUDHIR,7,20,NA,NA,0.35,2.5e-4,1.0198039027185568e-5,13
mo,4,22,0.25,sticky,TRIPER,11,20,NA,"not a super great stick, also bird poop",0.55,2.48e-5,1.6865480854231363e-6,9
mo,4,22,0.25,carpet,TRIPER,15,20,NA,NA,0.75,2.48e-5,1.6865480854231363e-6,5
mo,4,22,0.25,carpet,LESCAP,16,20,NA,NA,0.8,0.00328,9.864864700316754e-5,4
mo,4,22,0.25,carpet,SCHSCO,16,20,NA,NA,0.8,0.0018332,1.1412351982732469e-4,4
mo,4,22,0.25,sticky,ECHPAL,18,20,NA,"not a super great stick, also bird poop",0.9,0.0045968,1.8277660924989524e-4,2
mo,4,22,0.25,sticky,RUDHIR,18,20,NA,"not a super great stick, also bird poop",0.9,2.5e-4,1.0198039027185568e-5,2
mo,4,22,0.25,carpet,DESCAN,18,20,NA,NA,0.9,0.00442,3.0210520610468724e-4,2
mo,4,22,0.25,sticky,LESCAP,19,20,NA,"not a super great stick, also bird poop",0.95,0.00328,9.864864700316754e-5,1
mo,4,22,0.25,sticky,SPOHET,19,20,NA,"not a super great stick, also bird poop",0.95,0.001996,8.69635939153084e-5,1
mo,4,22,0.25,carpet,SPOHET,19,20,NA,NA,0.95,0.001996,8.69635939153084e-5,1
mo,4,22,0.25,sticky,DESCAN,20,20,NA,"not a super great stick, also bird poop",1,0.00442,3.0210520610468724e-4,0
mo,4,22,0.25,sticky,CORTIN,20,20,NA,"not a super great stick, also bird poop",1,2.148e-4,1.3603921003397022e-5,0
mo,4,22,0.25,carpet,ECHPAL,20,20,NA,NA,1,0.0045968,1.8277660924989524e-4,0
mo,4,22,0.25,sticky,SCHSCO,20,20,NA,"not a super great stick, also bird poop",1,0.0018332,1.1412351982732469e-4,0
mo,4,24,2,carpet,DESCAN,1,20,5,NA,0.05,0.00442,3.0210520610468724e-4,19
mo,4,24,2,carpet,CORTIN,1,20,NA,NA,0.05,2.148e-4,1.3603921003397022e-5,19
mo,4,24,2,carpet,RUDHIR,3,20,2,NA,0.15,2.5e-4,1.0198039027185568e-5,17
mo,4,24,2,sticky,DESCAN,5,20,NA,NA,0.25,0.00442,3.0210520610468724e-4,15
mo,4,24,2,sticky,ECHPAL,9,20,NA,NA,0.45,0.0045968,1.8277660924989524e-4,11
mo,4,24,2,carpet,TRIPER,9,20,NA,NA,0.45,2.48e-5,1.6865480854231363e-6,11
mo,4,24,2,sticky,LESCAP,11,20,NA,NA,0.55,0.00328,9.864864700316754e-5,9
mo,4,24,2,sticky,SPOHET,14,20,NA,NA,0.7,0.001996,8.69635939153084e-5,6
mo,4,24,2,sticky,CORTIN,14,20,NA,NA,0.7,2.148e-4,1.3603921003397022e-5,6
mo,4,24,2,carpet,LESCAP,15,20,NA,NA,0.75,0.00328,9.864864700316754e-5,5
mo,4,24,2,sticky,SCHSCO,16,20,NA,NA,0.8,0.0018332,1.1412351982732469e-4,4
mo,4,24,2,carpet,SPOHET,16,20,1,NA,0.8,0.001996,8.69635939153084e-5,4
mo,4,24,2,carpet,ECHPAL,16,20,1,NA,0.8,0.0045968,1.8277660924989524e-4,4
mo,4,24,2,sticky,RUDHIR,17,20,NA,NA,0.85,2.5e-4,1.0198039027185568e-5,3
mo,4,24,2,sticky,TRIPER,18,20,NA,NA,0.9,2.48e-5,1.6865480854231363e-6,2
mo,4,24,2,carpet,SCHSCO,18,20,NA,NA,0.9,0.0018332,1.1412351982732469e-4,2
mo,4,34,1,post-sticky,LESCAP,8,20,NA,NA,0.4,0.00328,9.864864700316754e-5,12
mo,4,34,1,post-sticky,DESCAN,9,20,NA,NA,0.45,0.00442,3.0210520610468724e-4,11
mo,4,34,1,post-sticky,TRIPER,11,20,NA,NA,0.55,2.48e-5,1.6865480854231363e-6,9
mo,4,34,1,post-sticky,SPOHET,13,20,NA,NA,0.65,0.001996,8.69635939153084e-5,7
mo,4,34,1,post-sticky,CORTIN,14,20,NA,NA,0.7,2.148e-4,1.3603921003397022e-5,6
mo,4,34,1,post-sticky,ECHPAL,15,20,NA,NA,0.75,0.0045968,1.8277660924989524e-4,5
mo,4,34,1,post-sticky,RUDHIR,15,20,NA,NA,0.75,2.5e-4,1.0198039027185568e-5,5
mo,4,34,1,post-sticky,SCHSCO,19,20,NA,NA,0.95,0.0018332,1.1412351982732469e-4,1
mo,5,26,1,carpet,CORTIN,1,20,NA,NA,0.05,2.148e-4,1.3603921003397022e-5,19
mo,5,26,1,carpet,RUDHIR,6,20,NA,NA,0.3,2.5e-4,1.0198039027185568e-5,14
mo,5,26,1,carpet,TRIPER,8,20,NA,NA,0.4,2.48e-5,1.6865480854231363e-6,12
mo,5,26,1,carpet,DESCAN,12,20,NA,NA,0.6,0.00442,3.0210520610468724e-4,8
mo,5,26,1,carpet,LESCAP,16,20,NA,NA,0.8,0.00328,9.864864700316754e-5,4
mo,5,26,1,sticky,LESCAP,18,20,NA,NA,0.9,0.00328,9.864864700316754e-5,2
mo,5,26,1,sticky,SPOHET,18,20,NA,NA,0.9,0.001996,8.69635939153084e-5,2
mo,5,26,1,sticky,TRIPER,18,20,NA,NA,0.9,2.48e-5,1.6865480854231363e-6,2
mo,5,26,1,sticky,DESCAN,19,20,NA,NA,0.95,0.00442,3.0210520610468724e-4,1
mo,5,26,1,sticky,SCHSCO,19,20,NA,NA,0.95,0.0018332,1.1412351982732469e-4,1
mo,5,26,1,sticky,ECHPAL,19,20,NA,NA,0.95,0.0045968,1.8277660924989524e-4,1
mo,5,26,1,sticky,RUDHIR,19,20,NA,NA,0.95,2.5e-4,1.0198039027185568e-5,1
mo,5,26,1,sticky,CORTIN,19,20,NA,NA,0.95,2.148e-4,1.3603921003397022e-5,1
mo,5,26,1,carpet,SCHSCO,20,20,NA,NA,1,0.0018332,1.1412351982732469e-4,0
mo,5,26,1,carpet,SPOHET,20,20,NA,NA,1,0.001996,8.69635939153084e-5,0
mo,5,26,1,carpet,ECHPAL,20,20,NA,NA,1,0.0045968,1.8277660924989524e-4,0
mo,5,28,0.25,carpet,CORTIN,0,20,NA,NA,0,2.148e-4,1.3603921003397022e-5,20
mo,5,28,0.25,carpet,RUDHIR,5,20,NA,NA,0.25,2.5e-4,1.0198039027185568e-5,15
mo,5,28,0.25,carpet,DESCAN,17,20,NA,NA,0.85,0.00442,3.0210520610468724e-4,3
mo,5,28,0.25,carpet,TRIPER,17,20,NA,NA,0.85,2.48e-5,1.6865480854231363e-6,3
mo,5,28,0.25,sticky,RUDHIR,18,20,NA,NA,0.9,2.5e-4,1.0198039027185568e-5,2
mo,5,28,0.25,sticky,TRIPER,18,20,NA,NA,0.9,2.48e-5,1.6865480854231363e-6,2
mo,5,28,0.25,carpet,ECHPAL,18,20,NA,NA,0.9,0.0045968,1.8277660924989524e-4,2
mo,5,28,0.25,carpet,LESCAP,19,20,NA,NA,0.95,0.00328,9.864864700316754e-5,1
mo,5,28,0.25,sticky,LESCAP,20,20,NA,NA,1,0.00328,9.864864700316754e-5,0
mo,5,28,0.25,sticky,DESCAN,20,20,NA,NA,1,0.00442,3.0210520610468724e-4,0
mo,5,28,0.25,sticky,SCHSCO,20,20,NA,NA,1,0.0018332,1.1412351982732469e-4,0
mo,5,28,0.25,sticky,SPOHET,20,20,NA,NA,1,0.001996,8.69635939153084e-5,0
mo,5,28,0.25,sticky,ECHPAL,20,20,NA,NA,1,0.0045968,1.8277660924989524e-4,0
mo,5,28,0.25,sticky,CORTIN,20,20,NA,NA,1,2.148e-4,1.3603921003397022e-5,0
mo,5,28,0.25,carpet,SCHSCO,20,20,NA,NA,1,0.0018332,1.1412351982732469e-4,0
mo,5,28,0.25,carpet,SPOHET,20,20,NA,NA,1,0.001996,8.69635939153084e-5,0
mo,5,30,2,carpet,DESCAN,0,20,6,NA,0,0.00442,3.0210520610468724e-4,20
mo,5,30,2,carpet,CORTIN,0,20,NA,NA,0,2.148e-4,1.3603921003397022e-5,20
mo,5,30,2,carpet,RUDHIR,1,20,NA,NA,0.05,2.5e-4,1.0198039027185568e-5,19
mo,5,30,2,carpet,TRIPER,1,20,NA,NA,0.05,2.48e-5,1.6865480854231363e-6,19
mo,5,30,2,sticky,DESCAN,3,20,NA,NA,0.15,0.00442,3.0210520610468724e-4,17
mo,5,30,2,sticky,SPOHET,5,20,NA,NA,0.25,0.001996,8.69635939153084e-5,15
mo,5,30,2,carpet,LESCAP,9,20,2,NA,0.45,0.00328,9.864864700316754e-5,11
mo,5,30,2,sticky,ECHPAL,10,20,NA,NA,0.5,0.0045968,1.8277660924989524e-4,10
mo,5,30,2,carpet,ECHPAL,11,20,2,NA,0.55,0.0045968,1.8277660924989524e-4,9
mo,5,30,2,sticky,CORTIN,12,20,NA,NA,0.6,2.148e-4,1.3603921003397022e-5,8
mo,5,30,2,sticky,TRIPER,13,20,NA,NA,0.65,2.48e-5,1.6865480854231363e-6,7
mo,5,30,2,carpet,SPOHET,13,20,2,NA,0.65,0.001996,8.69635939153084e-5,7
mo,5,30,2,carpet,SCHSCO,16,20,2,NA,0.8,0.0018332,1.1412351982732469e-4,4
mo,5,30,2,sticky,SCHSCO,17,20,NA,NA,0.85,0.0018332,1.1412351982732469e-4,3
mo,5,30,2,sticky,LESCAP,19,20,NA,NA,0.95,0.00328,9.864864700316754e-5,1
mo,5,30,2,sticky,RUDHIR,20,20,NA,NA,1,2.5e-4,1.0198039027185568e-5,0
mo,5,35,1,post-sticky,DESCAN,3,20,NA,NA,0.15,0.00442,3.0210520610468724e-4,17
mo,5,35,1,post-sticky,LESCAP,7,20,NA,NA,0.35,0.00328,9.864864700316754e-5,13
mo,5,35,1,post-sticky,TRIPER,11,20,NA,NA,0.55,2.48e-5,1.6865480854231363e-6,9
mo,5,35,1,post-sticky,RUDHIR,14,20,NA,NA,0.7,2.5e-4,1.0198039027185568e-5,6
mo,5,35,1,post-sticky,CORTIN,15,20,NA,NA,0.75,2.148e-4,1.3603921003397022e-5,5
mo,5,35,1,post-sticky,ECHPAL,17,20,NA,NA,0.85,0.0045968,1.8277660924989524e-4,3
mo,5,35,1,post-sticky,SCHSCO,18,20,NA,NA,0.9,0.0018332,1.1412351982732469e-4,2
mo,5,35,1,post-sticky,SPOHET,18,20,NA,NA,0.9,0.001996,8.69635939153084e-5,2
mo,6,25,1,carpet,RUDHIR,0,20,NA,NA,0,2.5e-4,1.0198039027185568e-5,20
mo,6,25,1,carpet,CORTIN,0,20,NA,NA,0,2.148e-4,1.3603921003397022e-5,20
mo,6,25,1,carpet,TRIPER,8,20,NA,NA,0.4,2.48e-5,1.6865480854231363e-6,12
mo,6,25,1,sticky,TRIPER,9,20,NA,NA,0.45,2.48e-5,1.6865480854231363e-6,11
mo,6,25,1,sticky,LESCAP,16,20,NA,NA,0.8,0.00328,9.864864700316754e-5,4
mo,6,25,1,sticky,DESCAN,16,20,2,NA,0.8,0.00442,3.0210520610468724e-4,4
mo,6,25,1,sticky,SCHSCO,16,20,NA,NA,0.8,0.0018332,1.1412351982732469e-4,4
mo,6,25,1,sticky,ECHPAL,16,20,NA,NA,0.8,0.0045968,1.8277660924989524e-4,4
mo,6,25,1,sticky,CORTIN,16,20,NA,NA,0.8,2.148e-4,1.3603921003397022e-5,4
mo,6,25,1,carpet,DESCAN,16,20,NA,NA,0.8,0.00442,3.0210520610468724e-4,4
mo,6,25,1,carpet,ECHPAL,16,20,NA,NA,0.8,0.0045968,1.8277660924989524e-4,4
mo,6,25,1,sticky,RUDHIR,19,20,NA,NA,0.95,2.5e-4,1.0198039027185568e-5,1
mo,6,25,1,carpet,LESCAP,19,20,NA,NA,0.95,0.00328,9.864864700316754e-5,1
mo,6,25,1,carpet,SCHSCO,19,20,NA,NA,0.95,0.0018332,1.1412351982732469e-4,1
mo,6,25,1,sticky,SPOHET,20,20,NA,NA,1,0.001996,8.69635939153084e-5,0
mo,6,25,1,carpet,SPOHET,20,20,NA,NA,1,0.001996,8.69635939153084e-5,0
mo,6,27,2,carpet,RUDHIR,0,20,NA,NA,0,2.5e-4,1.0198039027185568e-5,20
mo,6,27,2,carpet,CORTIN,0,20,NA,NA,0,2.148e-4,1.3603921003397022e-5,20
mo,6,27,2,carpet,TRIPER,0,20,NA,NA,0,2.48e-5,1.6865480854231363e-6,20
mo,6,27,2,sticky,DESCAN,1,20,NA,NA,0.05,0.00442,3.0210520610468724e-4,19
mo,6,27,2,sticky,ECHPAL,2,20,NA,NA,0.1,0.0045968,1.8277660924989524e-4,18
mo,6,27,2,carpet,DESCAN,2,20,4,NA,0.1,0.00442,3.0210520610468724e-4,18
mo,6,27,2,sticky,SPOHET,4,20,NA,NA,0.2,0.001996,8.69635939153084e-5,16
mo,6,27,2,sticky,TRIPER,4,20,NA,NA,0.2,2.48e-5,1.6865480854231363e-6,16
mo,6,27,2,carpet,SPOHET,7,20,4,NA,0.35,0.001996,8.69635939153084e-5,13
mo,6,27,2,sticky,CORTIN,11,20,NA,NA,0.55,2.148e-4,1.3603921003397022e-5,9
mo,6,27,2,carpet,SCHSCO,11,20,7,NA,0.55,0.0018332,1.1412351982732469e-4,9
mo,6,27,2,sticky,SCHSCO,12,20,NA,NA,0.6,0.0018332,1.1412351982732469e-4,8
mo,6,27,2,carpet,ECHPAL,12,20,3,NA,0.6,0.0045968,1.8277660924989524e-4,8
mo,6,27,2,sticky,LESCAP,13,20,NA,NA,0.65,0.00328,9.864864700316754e-5,7
mo,6,27,2,carpet,LESCAP,15,20,1,NA,0.75,0.00328,9.864864700316754e-5,5
mo,6,27,2,sticky,RUDHIR,17,20,NA,NA,0.85,2.5e-4,1.0198039027185568e-5,3
mo,6,29,0.25,sticky,LESCAP,0,20,NA,didnt add any probably,0,0.00328,9.864864700316754e-5,20
mo,6,29,0.25,carpet,RUDHIR,0,20,NA,NA,0,2.5e-4,1.0198039027185568e-5,20
mo,6,29,0.25,carpet,CORTIN,0,20,NA,NA,0,2.148e-4,1.3603921003397022e-5,20
mo,6,29,0.25,carpet,ECHPAL,5,20,NA,NA,0.25,0.0045968,1.8277660924989524e-4,15
mo,6,29,0.25,carpet,TRIPER,5,20,NA,NA,0.25,2.48e-5,1.6865480854231363e-6,15
mo,6,29,0.25,carpet,DESCAN,10,20,NA,NA,0.5,0.00442,3.0210520610468724e-4,10
mo,6,29,0.25,carpet,SPOHET,16,20,NA,NA,0.8,0.001996,8.69635939153084e-5,4
mo,6,29,0.25,sticky,TRIPER,17,20,NA,NA,0.85,2.48e-5,1.6865480854231363e-6,3
mo,6,29,0.25,carpet,LESCAP,17,20,NA,NA,0.85,0.00328,9.864864700316754e-5,3
mo,6,29,0.25,sticky,ECHPAL,19,20,NA,NA,0.95,0.0045968,1.8277660924989524e-4,1
mo,6,29,0.25,sticky,DESCAN,20,20,NA,NA,1,0.00442,3.0210520610468724e-4,0
mo,6,29,0.25,sticky,SCHSCO,20,20,NA,NA,1,0.0018332,1.1412351982732469e-4,0
mo,6,29,0.25,sticky,SPOHET,20,20,NA,NA,1,0.001996,8.69635939153084e-5,0
mo,6,29,0.25,sticky,CORTIN,20,20,NA,NA,1,2.148e-4,1.3603921003397022e-5,0
mo,6,29,0.25,carpet,SCHSCO,20,20,NA,NA,1,0.0018332,1.1412351982732469e-4,0
mo,6,29,0.25,sticky,RUDHIR,20,20,NA,NA,1,2.5e-4,1.0198039027185568e-5,0
mo,6,36,1,post-sticky,TRIPER,4,20,NA,NA,0.2,2.48e-5,1.6865480854231363e-6,16
mo,6,36,1,post-sticky,DESCAN,8,20,NA,NA,0.4,0.00442,3.0210520610468724e-4,12
mo,6,36,1,post-sticky,LESCAP,10,20,NA,NA,0.5,0.00328,9.864864700316754e-5,10
mo,6,36,1,post-sticky,ECHPAL,10,20,NA,NA,0.5,0.0045968,1.8277660924989524e-4,10
mo,6,36,1,post-sticky,SCHSCO,12,20,NA,NA,0.6,0.0018332,1.1412351982732469e-4,8
mo,6,36,1,post-sticky,SPOHET,12,20,NA,NA,0.6,0.001996,8.69635939153084e-5,8
mo,6,36,1,post-sticky,CORTIN,13,20,NA,NA,0.65,2.148e-4,1.3603921003397022e-5,7
mo,6,36,1,post-sticky,RUDHIR,14,20,NA,NA,0.7,2.5e-4,1.0198039027185568e-5,6
mo,7,19,0.25,carpet,CORTIN,0,20,NA,NA,0,2.148e-4,1.3603921003397022e-5,20
mo,7,19,0.25,carpet,RUDHIR,4,20,NA,NA,0.2,2.5e-4,1.0198039027185568e-5,16
mo,7,19,0.25,carpet,DESCAN,12,20,1,NA,0.6,0.00442,3.0210520610468724e-4,8
mo,7,19,0.25,carpet,TRIPER,17,20,NA,NA,0.85,2.48e-5,1.6865480854231363e-6,3
mo,7,19,0.25,carpet,LESCAP,18,20,NA,NA,0.9,0.00328,9.864864700316754e-5,2
mo,7,19,0.25,sticky,SPOHET,19,20,1,NA,0.95,0.001996,8.69635939153084e-5,1
mo,7,19,0.25,carpet,ECHPAL,19,20,NA,NA,0.95,0.0045968,1.8277660924989524e-4,1
mo,7,19,0.25,sticky,LESCAP,20,20,NA,NA,1,0.00328,9.864864700316754e-5,0
mo,7,19,0.25,sticky,DESCAN,20,20,NA,NA,1,0.00442,3.0210520610468724e-4,0
mo,7,19,0.25,sticky,SCHSCO,20,20,NA,NA,1,0.0018332,1.1412351982732469e-4,0
mo,7,19,0.25,sticky,ECHPAL,20,20,NA,NA,1,0.0045968,1.8277660924989524e-4,0
mo,7,19,0.25,sticky,RUDHIR,20,20,NA,NA,1,2.5e-4,1.0198039027185568e-5,0
mo,7,19,0.25,sticky,CORTIN,20,20,NA,NA,1,2.148e-4,1.3603921003397022e-5,0
mo,7,19,0.25,sticky,TRIPER,20,20,NA,NA,1,2.48e-5,1.6865480854231363e-6,0
mo,7,19,0.25,carpet,SCHSCO,20,20,NA,NA,1,0.0018332,1.1412351982732469e-4,0
mo,7,19,0.25,carpet,SPOHET,20,20,NA,NA,1,0.001996,8.69635939153084e-5,0
mo,7,21,2,carpet,RUDHIR,0,20,NA,NA,0,2.5e-4,1.0198039027185568e-5,20
mo,7,21,2,carpet,CORTIN,0,20,NA,NA,0,2.148e-4,1.3603921003397022e-5,20
mo,7,21,2,carpet,DESCAN,1,20,5,NA,0.05,0.00442,3.0210520610468724e-4,19
mo,7,21,2,carpet,TRIPER,1,20,NA,NA,0.05,2.48e-5,1.6865480854231363e-6,19
mo,7,21,2,sticky,DESCAN,2,20,NA,NA,0.1,0.00442,3.0210520610468724e-4,18
mo,7,21,2,carpet,ECHPAL,3,20,2,NA,0.15,0.0045968,1.8277660924989524e-4,17
mo,7,21,2,carpet,SPOHET,7,20,3,NA,0.35,0.001996,8.69635939153084e-5,13
mo,7,21,2,sticky,LESCAP,11,20,NA,NA,0.55,0.00328,9.864864700316754e-5,9
mo,7,21,2,sticky,TRIPER,11,20,NA,NA,0.55,2.48e-5,1.6865480854231363e-6,9
mo,7,21,2,sticky,ECHPAL,12,20,NA,NA,0.6,0.0045968,1.8277660924989524e-4,8
mo,7,21,2,sticky,SPOHET,13,20,NA,NA,0.65,0.001996,8.69635939153084e-5,7
mo,7,21,2,carpet,LESCAP,16,20,1,NA,0.8,0.00328,9.864864700316754e-5,4
mo,7,21,2,sticky,CORTIN,18,20,NA,NA,0.9,2.148e-4,1.3603921003397022e-5,2
mo,7,21,2,sticky,RUDHIR,19,20,NA,NA,0.95,2.5e-4,1.0198039027185568e-5,1
mo,7,21,2,sticky,SCHSCO,20,20,NA,NA,1,0.0018332,1.1412351982732469e-4,0
mo,7,21,2,carpet,SCHSCO,20,20,NA,NA,1,0.0018332,1.1412351982732469e-4,0
mo,7,23,1,sticky,TRIPER,12,20,NA,NA,0.6,2.48e-5,1.6865480854231363e-6,8
mo,7,23,1,sticky,DESCAN,17,20,NA,NA,0.85,0.00442,3.0210520610468724e-4,3
mo,7,23,1,sticky,RUDHIR,17,20,NA,NA,0.85,2.5e-4,1.0198039027185568e-5,3
mo,7,23,1,sticky,LESCAP,18,20,NA,NA,0.9,0.00328,9.864864700316754e-5,2
mo,7,23,1,sticky,SCHSCO,19,20,NA,NA,0.95,0.0018332,1.1412351982732469e-4,1
mo,7,23,1,sticky,CORTIN,19,20,NA,NA,0.95,2.148e-4,1.3603921003397022e-5,1
mo,7,23,1,sticky,SPOHET,20,20,NA,NA,1,0.001996,8.69635939153084e-5,0
mo,7,23,1,sticky,ECHPAL,20,20,NA,NA,1,0.0045968,1.8277660924989524e-4,0
mo,7,37,1,post-sticky,DESCAN,3,20,NA,NA,0.15,0.00442,3.0210520610468724e-4,17
mo,7,37,1,post-sticky,ECHPAL,3,20,NA,NA,0.15,0.0045968,1.8277660924989524e-4,17
mo,7,37,1,post-sticky,TRIPER,4,20,NA,NA,0.2,2.48e-5,1.6865480854231363e-6,16
mo,7,37,1,post-sticky,SPOHET,5,20,NA,NA,0.25,0.001996,8.69635939153084e-5,15
mo,7,37,1,post-sticky,LESCAP,8,20,NA,NA,0.4,0.00328,9.864864700316754e-5,12
mo,7,37,1,post-sticky,SCHSCO,15,20,NA,NA,0.75,0.0018332,1.1412351982732469e-4,5
mo,7,37,1,post-sticky,RUDHIR,16,20,NA,NA,0.8,2.5e-4,1.0198039027185568e-5,4
mo,7,37,1,post-sticky,CORTIN,20,20,NA,NA,1,2.148e-4,1.3603921003397022e-5,0
mo,8,13,1,carpet,RUDHIR,0,20,NA,NA,0,2.5e-4,1.0198039027185568e-5,20
mo,8,13,1,carpet,CORTIN,0,20,NA,NA,0,2.148e-4,1.3603921003397022e-5,20
mo,8,13,1,carpet,TRIPER,3,20,NA,NA,0.15,2.48e-5,1.6865480854231363e-6,17
mo,8,13,1,sticky,TRIPER,10,20,NA,NA,0.5,2.48e-5,1.6865480854231363e-6,10
mo,8,13,1,carpet,SPOHET,14,20,2,NA,0.7,0.001996,8.69635939153084e-5,6
mo,8,13,1,carpet,DESCAN,16,20,1,NA,0.8,0.00442,3.0210520610468724e-4,4
mo,8,13,1,carpet,ECHPAL,16,20,NA,NA,0.8,0.0045968,1.8277660924989524e-4,4
mo,8,13,1,sticky,ECHPAL,17,20,NA,NA,0.85,0.0045968,1.8277660924989524e-4,3
mo,8,13,1,sticky,CORTIN,17,20,NA,NA,0.85,2.148e-4,1.3603921003397022e-5,3
mo,8,13,1,sticky,DESCAN,18,20,1,NA,0.9,0.00442,3.0210520610468724e-4,2
mo,8,13,1,sticky,RUDHIR,18,20,NA,NA,0.9,2.5e-4,1.0198039027185568e-5,2
mo,8,13,1,carpet,SCHSCO,18,20,NA,NA,0.9,0.0018332,1.1412351982732469e-4,2
mo,8,13,1,sticky,LESCAP,19,20,NA,NA,0.95,0.00328,9.864864700316754e-5,1
mo,8,13,1,sticky,SCHSCO,19,20,NA,NA,0.95,0.0018332,1.1412351982732469e-4,1
mo,8,13,1,sticky,SPOHET,19,20,NA,NA,0.95,0.001996,8.69635939153084e-5,1
mo,8,13,1,carpet,LESCAP,19,20,1,NA,0.95,0.00328,9.864864700316754e-5,1
mo,8,15,0.25,carpet,RUDHIR,7,20,NA,NA,0.35,2.5e-4,1.0198039027185568e-5,13
mo,8,15,0.25,carpet,ECHPAL,9,20,NA,NA,0.45,0.0045968,1.8277660924989524e-4,11
mo,8,15,0.25,carpet,CORTIN,12,20,NA,NA,0.6,2.148e-4,1.3603921003397022e-5,8
mo,8,15,0.25,carpet,SCHSCO,14,20,NA,NA,0.7,0.0018332,1.1412351982732469e-4,6
mo,8,15,0.25,carpet,TRIPER,14,20,NA,NA,0.7,2.48e-5,1.6865480854231363e-6,6
mo,8,15,0.25,carpet,DESCAN,15,20,NA,NA,0.75,0.00442,3.0210520610468724e-4,5
mo,8,15,0.25,carpet,LESCAP,16,20,NA,NA,0.8,0.00328,9.864864700316754e-5,4
mo,8,15,0.25,sticky,TRIPER,18,20,NA,NA,0.9,2.48e-5,1.6865480854231363e-6,2
mo,8,15,0.25,carpet,SPOHET,18,20,NA,NA,0.9,0.001996,8.69635939153084e-5,2
mo,8,15,0.25,sticky,ECHPAL,19,20,NA,NA,0.95,0.0045968,1.8277660924989524e-4,1
mo,8,15,0.25,sticky,CORTIN,19,20,NA,NA,0.95,2.148e-4,1.3603921003397022e-5,1
mo,8,15,0.25,sticky,LESCAP,20,20,NA,NA,1,0.00328,9.864864700316754e-5,0
mo,8,15,0.25,sticky,DESCAN,20,20,NA,NA,1,0.00442,3.0210520610468724e-4,0
mo,8,15,0.25,sticky,SCHSCO,20,20,NA,NA,1,0.0018332,1.1412351982732469e-4,0
mo,8,15,0.25,sticky,SPOHET,20,20,NA,NA,1,0.001996,8.69635939153084e-5,0
mo,8,15,0.25,sticky,RUDHIR,20,20,NA,NA,1,2.5e-4,1.0198039027185568e-5,0
mo,8,17,2,carpet,RUDHIR,0,20,NA,BAG OPENED - might be ok,0,2.5e-4,1.0198039027185568e-5,20
mo,8,17,2,carpet,CORTIN,0,20,NA,BAG OPENED - might be ok,0,2.148e-4,1.3603921003397022e-5,20
mo,8,17,2,sticky,DESCAN,1,20,NA,NA,0.05,0.00442,3.0210520610468724e-4,19
mo,8,17,2,carpet,TRIPER,2,20,2,BAG OPENED - might be ok,0.1,2.48e-5,1.6865480854231363e-6,18
mo,8,17,2,carpet,DESCAN,5,20,10,BAG OPENED - might be ok,0.25,0.00442,3.0210520610468724e-4,15
mo,8,17,2,sticky,ECHPAL,11,20,NA,NA,0.55,0.0045968,1.8277660924989524e-4,9
mo,8,17,2,carpet,LESCAP,13,20,NA,BAG OPENED - might be ok,0.65,0.00328,9.864864700316754e-5,7
mo,8,17,2,carpet,ECHPAL,13,20,1,BAG OPENED - might be ok,0.65,0.0045968,1.8277660924989524e-4,7
mo,8,17,2,sticky,SPOHET,14,20,NA,NA,0.7,0.001996,8.69635939153084e-5,6
mo,8,17,2,sticky,CORTIN,16,20,NA,NA,0.8,2.148e-4,1.3603921003397022e-5,4
mo,8,17,2,sticky,TRIPER,16,20,NA,NA,0.8,2.48e-5,1.6865480854231363e-6,4
mo,8,17,2,sticky,RUDHIR,17,20,NA,NA,0.85,2.5e-4,1.0198039027185568e-5,3
mo,8,17,2,carpet,SCHSCO,17,20,NA,BAG OPENED - might be ok,0.85,0.0018332,1.1412351982732469e-4,3
mo,8,17,2,sticky,LESCAP,18,20,NA,NA,0.9,0.00328,9.864864700316754e-5,2
mo,8,17,2,sticky,SCHSCO,19,20,NA,NA,0.95,0.0018332,1.1412351982732469e-4,1
mo,8,17,2,carpet,SPOHET,19,20,NA,BAG OPENED - might be ok,0.95,0.001996,8.69635939153084e-5,1
mo,8,38,1,post-sticky,DESCAN,9,20,NA,NA,0.45,0.00442,3.0210520610468724e-4,11
mo,8,38,1,post-sticky,LESCAP,10,20,NA,NA,0.5,0.00328,9.864864700316754e-5,10
mo,8,38,1,post-sticky,TRIPER,10,20,NA,NA,0.5,2.48e-5,1.6865480854231363e-6,10
mo,8,38,1,post-sticky,CORTIN,16,20,NA,NA,0.8,2.148e-4,1.3603921003397022e-5,4
mo,8,38,1,post-sticky,SPOHET,17,20,NA,NA,0.85,0.001996,8.69635939153084e-5,3
mo,8,38,1,post-sticky,RUDHIR,18,20,NA,NA,0.9,2.5e-4,1.0198039027185568e-5,2
mo,8,38,1,post-sticky,SCHSCO,19,20,NA,NA,0.95,0.0018332,1.1412351982732469e-4,1
mo,8,38,1,post-sticky,ECHPAL,19,20,NA,NA,0.95,0.0045968,1.8277660924989524e-4,1
mo,9,7,0.25,carpet,RUDHIR,0,20,NA,NA,0,2.5e-4,1.0198039027185568e-5,20
mo,9,7,0.25,carpet,CORTIN,2,20,NA,NA,0.1,2.148e-4,1.3603921003397022e-5,18
mo,9,7,0.25,carpet,TRIPER,11,20,NA,NA,0.55,2.48e-5,1.6865480854231363e-6,9
mo,9,7,0.25,carpet,LESCAP,14,20,NA,NA,0.7,0.00328,9.864864700316754e-5,6
mo,9,7,0.25,carpet,DESCAN,16,20,NA,NA,0.8,0.00442,3.0210520610468724e-4,4
mo,9,7,0.25,carpet,SCHSCO,17,20,NA,NA,0.85,0.0018332,1.1412351982732469e-4,3
mo,9,7,0.25,carpet,SPOHET,17,20,NA,NA,0.85,0.001996,8.69635939153084e-5,3
mo,9,7,0.25,sticky,RUDHIR,18,20,NA,NA,0.9,2.5e-4,1.0198039027185568e-5,2
mo,9,7,0.25,sticky,CORTIN,18,20,NA,NA,0.9,2.148e-4,1.3603921003397022e-5,2
mo,9,7,0.25,sticky,TRIPER,19,20,NA,NA,0.95,2.48e-5,1.6865480854231363e-6,1
mo,9,7,0.25,carpet,ECHPAL,19,20,NA,NA,0.95,0.0045968,1.8277660924989524e-4,1
mo,9,7,0.25,sticky,LESCAP,20,20,NA,NA,1,0.00328,9.864864700316754e-5,0
mo,9,7,0.25,sticky,DESCAN,20,20,NA,NA,1,0.00442,3.0210520610468724e-4,0
mo,9,7,0.25,sticky,SCHSCO,20,20,NA,NA,1,0.0018332,1.1412351982732469e-4,0
mo,9,7,0.25,sticky,SPOHET,20,20,NA,NA,1,0.001996,8.69635939153084e-5,0
mo,9,7,0.25,sticky,ECHPAL,20,20,NA,NA,1,0.0045968,1.8277660924989524e-4,0
mo,9,9,1,carpet,RUDHIR,0,20,NA,NA,0,2.5e-4,1.0198039027185568e-5,20
mo,9,9,1,carpet,CORTIN,0,20,NA,NA,0,2.148e-4,1.3603921003397022e-5,20
mo,9,9,1,carpet,TRIPER,4,20,NA,NA,0.2,2.48e-5,1.6865480854231363e-6,16
mo,9,9,1,carpet,ECHPAL,12,20,2,NA,0.6,0.0045968,1.8277660924989524e-4,8
mo,9,9,1,carpet,LESCAP,13,20,NA,NA,0.65,0.00328,9.864864700316754e-5,7
mo,9,9,1,sticky,TRIPER,15,20,NA,NA,0.75,2.48e-5,1.6865480854231363e-6,5
mo,9,9,1,sticky,LESCAP,17,20,1,NA,0.85,0.00328,9.864864700316754e-5,3
mo,9,9,1,carpet,DESCAN,17,20,1,NA,0.85,0.00442,3.0210520610468724e-4,3
mo,9,9,1,sticky,DESCAN,18,20,NA,NA,0.9,0.00442,3.0210520610468724e-4,2
mo,9,9,1,carpet,SPOHET,18,20,2,NA,0.9,0.001996,8.69635939153084e-5,2
mo,9,9,1,sticky,SCHSCO,19,20,NA,NA,0.95,0.0018332,1.1412351982732469e-4,1
mo,9,9,1,sticky,SPOHET,20,20,NA,NA,1,0.001996,8.69635939153084e-5,0
mo,9,9,1,sticky,ECHPAL,20,20,NA,NA,1,0.0045968,1.8277660924989524e-4,0
mo,9,9,1,sticky,RUDHIR,20,20,NA,NA,1,2.5e-4,1.0198039027185568e-5,0
mo,9,9,1,sticky,CORTIN,20,20,NA,NA,1,2.148e-4,1.3603921003397022e-5,0
mo,9,9,1,carpet,SCHSCO,20,20,NA,NA,1,0.0018332,1.1412351982732469e-4,0
mo,9,11,2,carpet,RUDHIR,0,20,NA,NA,0,2.5e-4,1.0198039027185568e-5,20
mo,9,11,2,carpet,CORTIN,0,20,NA,NA,0,2.148e-4,1.3603921003397022e-5,20
mo,9,11,2,carpet,TRIPER,1,20,NA,NA,0.05,2.48e-5,1.6865480854231363e-6,19
mo,9,11,2,sticky,DESCAN,2,20,NA,NA,0.1,0.00442,3.0210520610468724e-4,18
mo,9,11,2,sticky,SPOHET,2,20,NA,NA,0.1,0.001996,8.69635939153084e-5,18
mo,9,11,2,sticky,ECHPAL,2,20,NA,NA,0.1,0.0045968,1.8277660924989524e-4,18
mo,9,11,2,carpet,DESCAN,7,20,13,NA,0.35,0.00442,3.0210520610468724e-4,13
mo,9,11,2,carpet,ECHPAL,11,20,1,NA,0.55,0.0045968,1.8277660924989524e-4,9
mo,9,11,2,sticky,TRIPER,13,20,NA,NA,0.65,2.48e-5,1.6865480854231363e-6,7
mo,9,11,2,sticky,CORTIN,15,20,NA,NA,0.75,2.148e-4,1.3603921003397022e-5,5
mo,9,11,2,carpet,LESCAP,15,20,NA,NA,0.75,0.00328,9.864864700316754e-5,5
mo,9,11,2,sticky,SCHSCO,16,20,NA,NA,0.8,0.0018332,1.1412351982732469e-4,4
mo,9,11,2,sticky,LESCAP,17,20,NA,NA,0.85,0.00328,9.864864700316754e-5,3
mo,9,11,2,carpet,SCHSCO,17,20,2,NA,0.85,0.0018332,1.1412351982732469e-4,3
mo,9,11,2,carpet,SPOHET,17,20,NA,NA,0.85,0.001996,8.69635939153084e-5,3
mo,9,11,2,sticky,RUDHIR,18,20,NA,NA,0.9,2.5e-4,1.0198039027185568e-5,2
mo,9,39,1,post-sticky,DESCAN,0,20,NA,"got a bad stick, but there was some herbivory (e.g. DESCAN and SPOHET)",0,0.00442,3.0210520610468724e-4,20
mo,9,39,1,post-sticky,ECHPAL,1,20,NA,"got a bad stick, but there was some herbivory (e.g. DESCAN and SPOHET)",0.05,0.0045968,1.8277660924989524e-4,19
mo,9,39,1,post-sticky,SPOHET,2,20,NA,"got a bad stick, but there was some herbivory (e.g. DESCAN and SPOHET)",0.1,0.001996,8.69635939153084e-5,18
mo,9,39,1,post-sticky,CORTIN,3,20,NA,"got a bad stick, but there was some herbivory (e.g. DESCAN and SPOHET)",0.15,2.148e-4,1.3603921003397022e-5,17
mo,9,39,1,post-sticky,SCHSCO,4,20,NA,"got a bad stick, but there was some herbivory (e.g. DESCAN and SPOHET)",0.2,0.0018332,1.1412351982732469e-4,16
mo,9,39,1,post-sticky,RUDHIR,6,20,NA,"got a bad stick, but there was some herbivory (e.g. DESCAN and SPOHET)",0.3,2.5e-4,1.0198039027185568e-5,14
mo,9,39,1,post-sticky,LESCAP,10,20,NA,"got a bad stick, but there was some herbivory (e.g. DESCAN and SPOHET)",0.5,0.00328,9.864864700316754e-5,10
mo,9,39,1,post-sticky,TRIPER,13,20,NA,"got a bad stick, but there was some herbivory (e.g. DESCAN and SPOHET)",0.65,2.48e-5,1.6865480854231363e-6,7
mo,10,1,2,carpet,RUDHIR,0,20,NA,NA,0,2.5e-4,1.0198039027185568e-5,20
mo,10,1,2,carpet,CORTIN,0,20,NA,NA,0,2.148e-4,1.3603921003397022e-5,20
mo,10,1,2,carpet,TRIPER,1,20,NA,NA,0.05,2.48e-5,1.6865480854231363e-6,19
mo,10,1,2,sticky,DESCAN,3,20,NA,NA,0.15,0.00442,3.0210520610468724e-4,17
mo,10,1,2,carpet,DESCAN,3,20,6,NA,0.15,0.00442,3.0210520610468724e-4,17
mo,10,1,2,sticky,ECHPAL,6,20,NA,NA,0.3,0.0045968,1.8277660924989524e-4,14
mo,10,1,2,sticky,SPOHET,7,20,NA,NA,0.35,0.001996,8.69635939153084e-5,13
mo,10,1,2,carpet,SPOHET,8,20,2,NA,0.4,0.001996,8.69635939153084e-5,12
mo,10,1,2,sticky,LESCAP,9,20,NA,NA,0.45,0.00328,9.864864700316754e-5,11
mo,10,1,2,sticky,CORTIN,12,20,NA,NA,0.6,2.148e-4,1.3603921003397022e-5,8
mo,10,1,2,sticky,TRIPER,12,20,NA,NA,0.6,2.48e-5,1.6865480854231363e-6,8
mo,10,1,2,carpet,ECHPAL,13,20,5,NA,0.65,0.0045968,1.8277660924989524e-4,7
mo,10,1,2,carpet,LESCAP,14,20,NA,NA,0.7,0.00328,9.864864700316754e-5,6
mo,10,1,2,sticky,SCHSCO,16,20,NA,NA,0.8,0.0018332,1.1412351982732469e-4,4
mo,10,1,2,sticky,RUDHIR,18,20,NA,NA,0.9,2.5e-4,1.0198039027185568e-5,2
mo,10,1,2,carpet,SCHSCO,18,20,22,NA,0.9,0.0018332,1.1412351982732469e-4,2
mo,10,3,1,carpet,CORTIN,0,20,NA,NA,0,2.148e-4,1.3603921003397022e-5,20
mo,10,3,1,carpet,RUDHIR,5,20,NA,NA,0.25,2.5e-4,1.0198039027185568e-5,15
mo,10,3,1,carpet,TRIPER,6,20,NA,NA,0.3,2.48e-5,1.6865480854231363e-6,14
mo,10,3,1,sticky,DESCAN,9,20,2,NA,0.45,0.00442,3.0210520610468724e-4,11
mo,10,3,1,sticky,TRIPER,11,20,NA,NA,0.55,2.48e-5,1.6865480854231363e-6,9
mo,10,3,1,carpet,DESCAN,12,20,8,NA,0.6,0.00442,3.0210520610468724e-4,8
mo,10,3,1,sticky,CORTIN,15,20,NA,NA,0.75,2.148e-4,1.3603921003397022e-5,5
mo,10,3,1,sticky,LESCAP,17,20,NA,NA,0.85,0.00328,9.864864700316754e-5,3
mo,10,3,1,sticky,RUDHIR,18,20,NA,NA,0.9,2.5e-4,1.0198039027185568e-5,2
mo,10,3,1,carpet,SPOHET,18,20,NA,NA,0.9,0.001996,8.69635939153084e-5,2
mo,10,3,1,sticky,SCHSCO,19,20,NA,NA,0.95,0.0018332,1.1412351982732469e-4,1
mo,10,3,1,sticky,ECHPAL,19,20,NA,NA,0.95,0.0045968,1.8277660924989524e-4,1
mo,10,3,1,carpet,ECHPAL,19,20,NA,NA,0.95,0.0045968,1.8277660924989524e-4,1
mo,10,3,1,sticky,SPOHET,20,20,NA,NA,1,0.001996,8.69635939153084e-5,0
mo,10,3,1,carpet,LESCAP,20,20,NA,NA,1,0.00328,9.864864700316754e-5,0
mo,10,3,1,carpet,SCHSCO,20,20,NA,NA,1,0.0018332,1.1412351982732469e-4,0
mo,10,5,0.25,carpet,CORTIN,1,20,NA,NA,0.05,2.148e-4,1.3603921003397022e-5,19
mo,10,5,0.25,carpet,RUDHIR,3,20,NA,NA,0.15,2.5e-4,1.0198039027185568e-5,17
mo,10,5,0.25,carpet,TRIPER,10,20,NA,NA,0.5,2.48e-5,1.6865480854231363e-6,10
mo,10,5,0.25,sticky,RUDHIR,17,20,NA,NA,0.85,2.5e-4,1.0198039027185568e-5,3
mo,10,5,0.25,sticky,TRIPER,17,20,NA,NA,0.85,2.48e-5,1.6865480854231363e-6,3
mo,10,5,0.25,sticky,LESCAP,18,20,NA,NA,0.9,0.00328,9.864864700316754e-5,2
mo,10,5,0.25,sticky,ECHPAL,19,20,NA,NA,0.95,0.0045968,1.8277660924989524e-4,1
mo,10,5,0.25,carpet,SCHSCO,19,20,NA,NA,0.95,0.0018332,1.1412351982732469e-4,1
mo,10,5,0.25,carpet,ECHPAL,19,20,NA,NA,0.95,0.0045968,1.8277660924989524e-4,1
mo,10,5,0.25,sticky,DESCAN,20,20,NA,NA,1,0.00442,3.0210520610468724e-4,0
mo,10,5,0.25,sticky,SCHSCO,20,20,NA,NA,1,0.0018332,1.1412351982732469e-4,0
mo,10,5,0.25,sticky,SPOHET,20,20,NA,NA,1,0.001996,8.69635939153084e-5,0
mo,10,5,0.25,sticky,CORTIN,20,20,NA,NA,1,2.148e-4,1.3603921003397022e-5,0
mo,10,5,0.25,carpet,LESCAP,20,20,NA,NA,1,0.00328,9.864864700316754e-5,0
mo,10,5,0.25,carpet,DESCAN,20,20,NA,NA,1,0.00442,3.0210520610468724e-4,0
mo,10,5,0.25,carpet,SPOHET,20,20,NA,NA,1,0.001996,8.69635939153084e-5,0
mo,7,23,1,carpet,RUDHIR,0,20,NA,NA,0,2.5e-4,1.0198039027185568e-5,20
mo,7,23,1,carpet,CORTIN,0,20,NA,NA,0,2.148e-4,1.3603921003397022e-5,20
mo,7,23,1,carpet,TRIPER,4,20,NA,NA,0.2,2.48e-5,1.6865480854231363e-6,16
mo,7,23,1,carpet,ECHPAL,9,20,NA,NA,0.45,0.0045968,1.8277660924989524e-4,11
mo,7,23,1,carpet,DESCAN,15,20,NA,NA,0.75,0.00442,3.0210520610468724e-4,5
mo,7,23,1,carpet,SPOHET,16,20,NA,NA,0.8,0.001996,8.69635939153084e-5,4
mo,7,23,1,carpet,LESCAP,19,20,NA,NA,0.95,0.00328,9.864864700316754e-5,1
mo,7,23,1,carpet,SCHSCO,20,20,NA,NA,1,0.0018332,1.1412351982732469e-4,0
mo,10,40,1,post-sticky,DESCAN,2,20,NA,NA,0.1,0.00442,3.0210520610468724e-4,18
mo,10,40,1,post-sticky,LESCAP,6,20,NA,NA,0.3,0.00328,9.864864700316754e-5,14
mo,10,40,1,post-sticky,ECHPAL,10,20,NA,NA,0.5,0.0045968,1.8277660924989524e-4,10
mo,10,40,1,post-sticky,SPOHET,11,20,NA,NA,0.55,0.001996,8.69635939153084e-5,9
mo,10,40,1,post-sticky,CORTIN,15,20,NA,NA,0.75,2.148e-4,1.3603921003397022e-5,5
mo,10,40,1,post-sticky,TRIPER,15,20,NA,NA,0.75,2.48e-5,1.6865480854231363e-6,5
mo,10,40,1,post-sticky,SCHSCO,19,20,NA,NA,0.95,0.0018332,1.1412351982732469e-4,1
mo,10,40,1,post-sticky,RUDHIR,20,20,NA,NA,1,2.5e-4,1.0198039027185568e-5,0
co,1,NA,0.25,sticky,a.fruticosa,20,20,NA,NA,1,0.0075428,2.428501138105103e-4,0
co,1,NA,0.25,carpet,a.fruticosa,20,20,NA,NA,1,0.0075428,2.428501138105103e-4,0
co,2,NA,0.25,sticky,a.fruticosa,20,20,NA,NA,1,0.0075428,2.428501138105103e-4,0
co,2,NA,0.25,carpet,a.fruticosa,20,20,NA,NA,1,0.0075428,2.428501138105103e-4,0
co,3,NA,0.25,sticky,a.fruticosa,20,20,NA,NA,1,0.0075428,2.428501138105103e-4,0
co,3,NA,0.25,carpet,a.fruticosa,19,20,NA,NA,0.95,0.0075428,2.428501138105103e-4,1
co,4,NA,0.25,sticky,a.fruticosa,19,20,NA,NA,0.95,0.0075428,2.428501138105103e-4,1
co,4,NA,0.25,carpet,a.fruticosa,17,20,NA,NA,0.85,0.0075428,2.428501138105103e-4,3
co,5,NA,0.25,carpet,a.fruticosa,19,20,NA,NA,0.95,0.0075428,2.428501138105103e-4,1
co,5,NA,0.25,sticky,a.fruticosa,20,20,NA,NA,1,0.0075428,2.428501138105103e-4,0
co,6,NA,0.25,carpet,a.fruticosa,20,20,NA,NA,1,0.0075428,2.428501138105103e-4,0
co,6,NA,0.25,sticky,a.fruticosa,20,20,NA,NA,1,0.0075428,2.428501138105103e-4,0
co,7,NA,0.25,carpet,a.fruticosa,20,20,NA,NA,1,0.0075428,2.428501138105103e-4,0
co,7,NA,0.25,sticky,a.fruticosa,20,20,NA,NA,1,0.0075428,2.428501138105103e-4,0
co,8,NA,0.25,carpet,a.fruticosa,19,20,NA,NA,0.95,0.0075428,2.428501138105103e-4,1
co,8,NA,0.25,sticky,a.fruticosa,20,20,NA,NA,1,0.0075428,2.428501138105103e-4,0
co,9,NA,0.25,carpet,a.fruticosa,20,20,NA,NA,1,0.0075428,2.428501138105103e-4,0
co,9,NA,0.25,sticky,a.fruticosa,19,20,NA,NA,0.95,0.0075428,2.428501138105103e-4,1
co,10,NA,0.25,carpet,a.fruticosa,20,20,NA,NA,1,0.0075428,2.428501138105103e-4,0
co,10,NA,0.25,sticky,a.fruticosa,10,20,NA,NA,0.5,0.0075428,2.428501138105103e-4,10
co,1,NA,1,carpet,a.fruticosa,20,20,NA,NA,1,0.0075428,2.428501138105103e-4,0
co,1,NA,1,sticky,a.fruticosa,19,20,NA,NA,0.95,0.0075428,2.428501138105103e-4,1
co,2,NA,1,carpet,a.fruticosa,18,20,NA,NA,0.9,0.0075428,2.428501138105103e-4,2
co,2,NA,1,sticky,a.fruticosa,20,20,NA,NA,1,0.0075428,2.428501138105103e-4,0
co,3,NA,1,carpet,a.fruticosa,20,20,NA,NA,1,0.0075428,2.428501138105103e-4,0
co,3,NA,1,sticky,a.fruticosa,20,20,NA,NA,1,0.0075428,2.428501138105103e-4,0
co,4,NA,1,carpet,a.fruticosa,18,20,NA,NA,0.9,0.0075428,2.428501138105103e-4,2
co,4,NA,1,sticky,a.fruticosa,16,20,NA,NA,0.8,0.0075428,2.428501138105103e-4,4
co,5,NA,1,carpet,a.fruticosa,16,20,NA,NA,0.8,0.0075428,2.428501138105103e-4,4
co,5,NA,1,sticky,a.fruticosa,18,20,NA,NA,0.9,0.0075428,2.428501138105103e-4,2
co,6,NA,1,carpet,a.fruticosa,17,20,NA,NA,0.85,0.0075428,2.428501138105103e-4,3
co,6,NA,1,sticky,a.fruticosa,19,20,NA,NA,0.95,0.0075428,2.428501138105103e-4,1
co,7,NA,1,carpet,a.fruticosa,20,20,NA,NA,1,0.0075428,2.428501138105103e-4,0
co,7,NA,1,sticky,a.fruticosa,19,20,NA,NA,0.95,0.0075428,2.428501138105103e-4,1
co,8,NA,1,carpet,a.fruticosa,19,20,NA,NA,0.95,0.0075428,2.428501138105103e-4,1
co,8,NA,1,sticky,a.fruticosa,18,20,NA,NA,0.9,0.0075428,2.428501138105103e-4,2
co,9,NA,1,carpet,a.fruticosa,17,20,NA,NA,0.85,0.0075428,2.428501138105103e-4,3
co,9,NA,1,sticky,a.fruticosa,17,20,NA,NA,0.85,0.0075428,2.428501138105103e-4,3
co,10,NA,1,carpet,a.fruticosa,19,20,NA,NA,0.95,0.0075428,2.428501138105103e-4,1
co,10,NA,1,sticky,a.fruticosa,18,20,NA,NA,0.9,0.0075428,2.428501138105103e-4,2
co,1,NA,2,carpet,a.fruticosa,16,20,NA,NA,0.8,0.0075428,2.428501138105103e-4,4
co,1,NA,2,sticky,a.fruticosa,18,20,NA,NA,0.9,0.0075428,2.428501138105103e-4,2
co,2,NA,2,carpet,a.fruticosa,17,20,NA,NA,0.85,0.0075428,2.428501138105103e-4,3
co,2,NA,2,sticky,a.fruticosa,20,20,NA,NA,1,0.0075428,2.428501138105103e-4,0
co,3,NA,2,carpet,a.fruticosa,18,20,NA,NA,0.9,0.0075428,2.428501138105103e-4,2
co,3,NA,2,sticky,a.fruticosa,17,20,NA,NA,0.85,0.0075428,2.428501138105103e-4,3
co,4,NA,2,carpet,a.fruticosa,17,20,NA,NA,0.85,0.0075428,2.428501138105103e-4,3
co,4,NA,2,sticky,a.fruticosa,16,20,NA,NA,0.8,0.0075428,2.428501138105103e-4,4
co,5,NA,2,carpet,a.fruticosa,16,20,NA,NA,0.8,0.0075428,2.428501138105103e-4,4
co,5,NA,2,sticky,a.fruticosa,16,20,NA,NA,0.8,0.0075428,2.428501138105103e-4,4
co,6,NA,2,carpet,a.fruticosa,14,20,NA,NA,0.7,0.0075428,2.428501138105103e-4,6
co,6,NA,2,sticky,a.fruticosa,17,20,NA,NA,0.85,0.0075428,2.428501138105103e-4,3
co,7,NA,2,carpet,a.fruticosa,20,20,NA,NA,1,0.0075428,2.428501138105103e-4,0
co,7,NA,2,sticky,a.fruticosa,17,20,NA,NA,0.85,0.0075428,2.428501138105103e-4,3
co,8,NA,2,carpet,a.fruticosa,17,20,NA,NA,0.85,0.0075428,2.428501138105103e-4,3
co,8,NA,2,sticky,a.fruticosa,16,20,NA,NA,0.8,0.0075428,2.428501138105103e-4,4
co,9,NA,2,carpet,a.fruticosa,17,20,NA,NA,0.85,0.0075428,2.428501138105103e-4,3
co,9,NA,2,sticky,a.fruticosa,18,20,NA,NA,0.9,0.0075428,2.428501138105103e-4,2
co,10,NA,2,carpet,a.fruticosa,17,20,NA,NA,0.85,0.0075428,2.428501138105103e-4,3
co,10,NA,2,sticky,a.fruticosa,14,20,NA,NA,0.7,0.0075428,2.428501138105103e-4,6
co,1,NA,0.25,sticky,b.gracilis,20,20,NA,NA,1,5.404e-4,7.321080673112557e-5,0
co,1,NA,0.25,carpet,b.gracilis,18,20,NA,NA,0.9,5.404e-4,7.321080673112557e-5,2
co,2,NA,0.25,sticky,b.gracilis,18,20,NA,NA,0.9,5.404e-4,7.321080673112557e-5,2
co,2,NA,0.25,carpet,b.gracilis,17,20,NA,NA,0.85,5.404e-4,7.321080673112557e-5,3
co,3,NA,0.25,sticky,b.gracilis,18,20,NA,NA,0.9,5.404e-4,7.321080673112557e-5,2
co,3,NA,0.25,carpet,b.gracilis,19,20,NA,NA,0.95,5.404e-4,7.321080673112557e-5,1
co,4,NA,0.25,sticky,b.gracilis,20,20,NA,NA,1,5.404e-4,7.321080673112557e-5,0
co,4,NA,0.25,carpet,b.gracilis,18,20,NA,NA,0.9,5.404e-4,7.321080673112557e-5,2
co,5,NA,0.25,carpet,b.gracilis,18,20,NA,NA,0.9,5.404e-4,7.321080673112557e-5,2
co,5,NA,0.25,sticky,b.gracilis,20,20,NA,NA,1,5.404e-4,7.321080673112557e-5,0
co,6,NA,0.25,carpet,b.gracilis,17,20,NA,NA,0.85,5.404e-4,7.321080673112557e-5,3
co,6,NA,0.25,sticky,b.gracilis,19,20,NA,NA,0.95,5.404e-4,7.321080673112557e-5,1
co,7,NA,0.25,carpet,b.gracilis,17,20,NA,NA,0.85,5.404e-4,7.321080673112557e-5,3
co,7,NA,0.25,sticky,b.gracilis,17,20,NA,NA,0.85,5.404e-4,7.321080673112557e-5,3
co,8,NA,0.25,carpet,b.gracilis,20,20,NA,NA,1,5.404e-4,7.321080673112557e-5,0
co,8,NA,0.25,sticky,b.gracilis,20,20,NA,NA,1,5.404e-4,7.321080673112557e-5,0
co,9,NA,0.25,carpet,b.gracilis,19,20,NA,NA,0.95,5.404e-4,7.321080673112557e-5,1
co,9,NA,0.25,sticky,b.gracilis,18,20,NA,NA,0.9,5.404e-4,7.321080673112557e-5,2
co,10,NA,0.25,carpet,b.gracilis,18,20,NA,NA,0.9,5.404e-4,7.321080673112557e-5,2
co,10,NA,0.25,sticky,b.gracilis,16,20,NA,NA,0.8,5.404e-4,7.321080673112557e-5,4
co,1,NA,1,carpet,b.gracilis,7,20,NA,NA,0.35,5.404e-4,7.321080673112557e-5,13
co,1,NA,1,sticky,b.gracilis,14,20,NA,NA,0.7,5.404e-4,7.321080673112557e-5,6
co,2,NA,1,carpet,b.gracilis,9,20,NA,NA,0.45,5.404e-4,7.321080673112557e-5,11
co,2,NA,1,sticky,b.gracilis,16,20,NA,NA,0.8,5.404e-4,7.321080673112557e-5,4
co,3,NA,1,carpet,b.gracilis,6,20,NA,NA,0.3,5.404e-4,7.321080673112557e-5,14
co,3,NA,1,sticky,b.gracilis,18,20,NA,NA,0.9,5.404e-4,7.321080673112557e-5,2
co,4,NA,1,carpet,b.gracilis,5,20,NA,NA,0.25,5.404e-4,7.321080673112557e-5,15
co,4,NA,1,sticky,b.gracilis,19,20,NA,NA,0.95,5.404e-4,7.321080673112557e-5,1
co,5,NA,1,carpet,b.gracilis,5,20,NA,NA,0.25,5.404e-4,7.321080673112557e-5,15
co,5,NA,1,sticky,b.gracilis,19,20,NA,NA,0.95,5.404e-4,7.321080673112557e-5,1
co,6,NA,1,carpet,b.gracilis,7,20,NA,NA,0.35,5.404e-4,7.321080673112557e-5,13
co,6,NA,1,sticky,b.gracilis,17,20,NA,NA,0.85,5.404e-4,7.321080673112557e-5,3
co,7,NA,1,carpet,b.gracilis,4,20,NA,NA,0.2,5.404e-4,7.321080673112557e-5,16
co,7,NA,1,sticky,b.gracilis,18,20,NA,NA,0.9,5.404e-4,7.321080673112557e-5,2
co,8,NA,1,carpet,b.gracilis,8,20,NA,NA,0.4,5.404e-4,7.321080673112557e-5,12
co,8,NA,1,sticky,b.gracilis,19,20,NA,NA,0.95,5.404e-4,7.321080673112557e-5,1
co,9,NA,1,carpet,b.gracilis,20,20,NA,NA,1,5.404e-4,7.321080673112557e-5,0
co,9,NA,1,sticky,b.gracilis,16,20,NA,NA,0.8,5.404e-4,7.321080673112557e-5,4
co,10,NA,1,carpet,b.gracilis,8,20,NA,NA,0.4,5.404e-4,7.321080673112557e-5,12
co,10,NA,1,sticky,b.gracilis,15,20,NA,NA,0.75,5.404e-4,7.321080673112557e-5,5
co,1,NA,2,carpet,b.gracilis,6,20,NA,NA,0.3,5.404e-4,7.321080673112557e-5,14
co,1,NA,2,sticky,b.gracilis,18,20,NA,NA,0.9,5.404e-4,7.321080673112557e-5,2
co,2,NA,2,carpet,b.gracilis,7,20,NA,NA,0.35,5.404e-4,7.321080673112557e-5,13
co,2,NA,2,sticky,b.gracilis,17,20,NA,NA,0.85,5.404e-4,7.321080673112557e-5,3
co,3,NA,2,carpet,b.gracilis,14,20,NA,NA,0.7,5.404e-4,7.321080673112557e-5,6
co,3,NA,2,sticky,b.gracilis,17,20,NA,NA,0.85,5.404e-4,7.321080673112557e-5,3
co,4,NA,2,carpet,b.gracilis,12,20,NA,NA,0.6,5.404e-4,7.321080673112557e-5,8
co,4,NA,2,sticky,b.gracilis,18,20,NA,NA,0.9,5.404e-4,7.321080673112557e-5,2
co,5,NA,2,carpet,b.gracilis,9,20,NA,NA,0.45,5.404e-4,7.321080673112557e-5,11
co,5,NA,2,sticky,b.gracilis,20,20,NA,NA,1,5.404e-4,7.321080673112557e-5,0
co,6,NA,2,carpet,b.gracilis,8,20,NA,NA,0.4,5.404e-4,7.321080673112557e-5,12
co,6,NA,2,sticky,b.gracilis,16,20,NA,NA,0.8,5.404e-4,7.321080673112557e-5,4
co,7,NA,2,carpet,b.gracilis,5,20,NA,NA,0.25,5.404e-4,7.321080673112557e-5,15
co,7,NA,2,sticky,b.gracilis,14,20,NA,NA,0.7,5.404e-4,7.321080673112557e-5,6
co,8,NA,2,carpet,b.gracilis,7,20,NA,NA,0.35,5.404e-4,7.321080673112557e-5,13
co,8,NA,2,sticky,b.gracilis,14,20,NA,NA,0.7,5.404e-4,7.321080673112557e-5,6
co,9,NA,2,carpet,b.gracilis,15,20,NA,NA,0.75,5.404e-4,7.321080673112557e-5,5
co,9,NA,2,sticky,b.gracilis,15,20,NA,NA,0.75,5.404e-4,7.321080673112557e-5,5
co,10,NA,2,carpet,b.gracilis,14,20,NA,NA,0.7,5.404e-4,7.321080673112557e-5,6
co,10,NA,2,sticky,b.gracilis,9,20,NA,NA,0.45,5.404e-4,7.321080673112557e-5,11
co,1,NA,0.25,sticky,b.dactyloides,20,20,NA,NA,1,0.011785200000000001,5.55208229205744e-4,0
co,1,NA,0.25,carpet,b.dactyloides,20,20,NA,NA,1,0.011785200000000001,5.55208229205744e-4,0
co,2,NA,0.25,sticky,b.dactyloides,20,20,NA,NA,1,0.011785200000000001,5.55208229205744e-4,0
co,2,NA,0.25,carpet,b.dactyloides,18,20,NA,NA,0.9,0.011785200000000001,5.55208229205744e-4,2
co,3,NA,0.25,sticky,b.dactyloides,19,20,NA,NA,0.95,0.011785200000000001,5.55208229205744e-4,1
co,3,NA,0.25,carpet,b.dactyloides,20,20,NA,NA,1,0.011785200000000001,5.55208229205744e-4,0
co,4,NA,0.25,sticky,b.dactyloides,19,20,NA,NA,0.95,0.011785200000000001,5.55208229205744e-4,1
co,4,NA,0.25,carpet,b.dactyloides,19,20,NA,NA,0.95,0.011785200000000001,5.55208229205744e-4,1
co,5,NA,0.25,carpet,b.dactyloides,17,20,NA,NA,0.85,0.011785200000000001,5.55208229205744e-4,3
co,5,NA,0.25,sticky,b.dactyloides,19,20,NA,NA,0.95,0.011785200000000001,5.55208229205744e-4,1
co,6,NA,0.25,carpet,b.dactyloides,20,20,NA,NA,1,0.011785200000000001,5.55208229205744e-4,0
co,6,NA,0.25,sticky,b.dactyloides,19,20,NA,NA,0.95,0.011785200000000001,5.55208229205744e-4,1
co,7,NA,0.25,carpet,b.dactyloides,17,20,NA,NA,0.85,0.011785200000000001,5.55208229205744e-4,3
co,7,NA,0.25,sticky,b.dactyloides,20,20,NA,NA,1,0.011785200000000001,5.55208229205744e-4,0
co,8,NA,0.25,carpet,b.dactyloides,20,20,NA,NA,1,0.011785200000000001,5.55208229205744e-4,0
co,8,NA,0.25,sticky,b.dactyloides,20,20,NA,NA,1,0.011785200000000001,5.55208229205744e-4,0
co,9,NA,0.25,carpet,b.dactyloides,19,20,NA,NA,0.95,0.011785200000000001,5.55208229205744e-4,1
co,9,NA,0.25,sticky,b.dactyloides,17,20,NA,NA,0.85,0.011785200000000001,5.55208229205744e-4,3
co,10,NA,0.25,carpet,b.dactyloides,20,20,NA,NA,1,0.011785200000000001,5.55208229205744e-4,0
co,10,NA,0.25,sticky,b.dactyloides,10,20,NA,NA,0.5,0.011785200000000001,5.55208229205744e-4,10
co,1,NA,1,carpet,b.dactyloides,20,20,NA,NA,1,0.011785200000000001,5.55208229205744e-4,0
co,1,NA,1,sticky,b.dactyloides,18,20,NA,NA,0.9,0.011785200000000001,5.55208229205744e-4,2
co,2,NA,1,carpet,b.dactyloides,20,20,NA,NA,1,0.011785200000000001,5.55208229205744e-4,0
co,2,NA,1,sticky,b.dactyloides,17,20,NA,NA,0.85,0.011785200000000001,5.55208229205744e-4,3
co,3,NA,1,carpet,b.dactyloides,20,20,NA,NA,1,0.011785200000000001,5.55208229205744e-4,0
co,3,NA,1,sticky,b.dactyloides,20,20,NA,NA,1,0.011785200000000001,5.55208229205744e-4,0
co,4,NA,1,carpet,b.dactyloides,17,20,NA,NA,0.85,0.011785200000000001,5.55208229205744e-4,3
co,4,NA,1,sticky,b.dactyloides,20,20,NA,NA,1,0.011785200000000001,5.55208229205744e-4,0
co,5,NA,1,carpet,b.dactyloides,17,20,NA,NA,0.85,0.011785200000000001,5.55208229205744e-4,3
co,5,NA,1,sticky,b.dactyloides,20,20,NA,NA,1,0.011785200000000001,5.55208229205744e-4,0
co,6,NA,1,carpet,b.dactyloides,20,20,NA,NA,1,0.011785200000000001,5.55208229205744e-4,0
co,6,NA,1,sticky,b.dactyloides,17,20,NA,NA,0.85,0.011785200000000001,5.55208229205744e-4,3
co,7,NA,1,carpet,b.dactyloides,19,20,NA,NA,0.95,0.011785200000000001,5.55208229205744e-4,1
co,7,NA,1,sticky,b.dactyloides,18,20,NA,NA,0.9,0.011785200000000001,5.55208229205744e-4,2
co,8,NA,1,carpet,b.dactyloides,18,20,NA,NA,0.9,0.011785200000000001,5.55208229205744e-4,2
co,8,NA,1,sticky,b.dactyloides,20,20,NA,NA,1,0.011785200000000001,5.55208229205744e-4,0
co,9,NA,1,carpet,b.dactyloides,19,20,NA,NA,0.95,0.011785200000000001,5.55208229205744e-4,1
co,9,NA,1,sticky,b.dactyloides,17,20,NA,NA,0.85,0.011785200000000001,5.55208229205744e-4,3
co,10,NA,1,carpet,b.dactyloides,18,20,NA,NA,0.9,0.011785200000000001,5.55208229205744e-4,2
co,10,NA,1,sticky,b.dactyloides,17,20,NA,NA,0.85,0.011785200000000001,5.55208229205744e-4,3
co,1,NA,2,carpet,b.dactyloides,10,20,NA,NA,0.5,0.011785200000000001,5.55208229205744e-4,10
co,1,NA,2,sticky,b.dactyloides,20,20,NA,NA,1,0.011785200000000001,5.55208229205744e-4,0
co,2,NA,2,carpet,b.dactyloides,17,20,NA,NA,0.85,0.011785200000000001,5.55208229205744e-4,3
co,2,NA,2,sticky,b.dactyloides,15,20,NA,NA,0.75,0.011785200000000001,5.55208229205744e-4,5
co,3,NA,2,carpet,b.dactyloides,19,20,NA,NA,0.95,0.011785200000000001,5.55208229205744e-4,1
co,3,NA,2,sticky,b.dactyloides,19,20,NA,NA,0.95,0.011785200000000001,5.55208229205744e-4,1
co,4,NA,2,carpet,b.dactyloides,17,20,NA,NA,0.85,0.011785200000000001,5.55208229205744e-4,3
co,4,NA,2,sticky,b.dactyloides,17,20,NA,NA,0.85,0.011785200000000001,5.55208229205744e-4,3
co,5,NA,2,carpet,b.dactyloides,17,20,NA,NA,0.85,0.011785200000000001,5.55208229205744e-4,3
co,5,NA,2,sticky,b.dactyloides,18,20,NA,NA,0.9,0.011785200000000001,5.55208229205744e-4,2
co,6,NA,2,carpet,b.dactyloides,17,20,NA,NA,0.85,0.011785200000000001,5.55208229205744e-4,3
co,6,NA,2,sticky,b.dactyloides,19,20,NA,NA,0.95,0.011785200000000001,5.55208229205744e-4,1
co,7,NA,2,carpet,b.dactyloides,18,20,NA,NA,0.9,0.011785200000000001,5.55208229205744e-4,2
co,7,NA,2,sticky,b.dactyloides,18,20,NA,NA,0.9,0.011785200000000001,5.55208229205744e-4,2
co,8,NA,2,carpet,b.dactyloides,13,20,NA,NA,0.65,0.011785200000000001,5.55208229205744e-4,7
co,8,NA,2,sticky,b.dactyloides,18,20,NA,NA,0.9,0.011785200000000001,5.55208229205744e-4,2
co,9,NA,2,carpet,b.dactyloides,16,20,NA,NA,0.8,0.011785200000000001,5.55208229205744e-4,4
co,9,NA,2,sticky,b.dactyloides,15,20,NA,NA,0.75,0.011785200000000001,5.55208229205744e-4,5
co,10,NA,2,carpet,b.dactyloides,19,20,NA,NA,0.95,0.011785200000000001,5.55208229205744e-4,1
co,10,NA,2,sticky,b.dactyloides,10,20,NA,NA,0.5,0.011785200000000001,5.55208229205744e-4,10
co,1,NA,0.25,sticky,d.purpurea,18,20,NA,NA,0.9,0.0015448,5.950312783562069e-5,2
co,1,NA,0.25,carpet,d.purpurea,5,20,NA,NA,0.25,0.0015448,5.950312783562069e-5,15
co,2,NA,0.25,sticky,d.purpurea,19,20,NA,NA,0.95,0.0015448,5.950312783562069e-5,1
co,2,NA,0.25,carpet,d.purpurea,1,20,NA,NA,0.05,0.0015448,5.950312783562069e-5,19
co,3,NA,0.25,sticky,d.purpurea,19,20,NA,NA,0.95,0.0015448,5.950312783562069e-5,1
co,3,NA,0.25,carpet,d.purpurea,18,20,NA,NA,0.9,0.0015448,5.950312783562069e-5,2
co,4,NA,0.25,sticky,d.purpurea,16,20,NA,NA,0.8,0.0015448,5.950312783562069e-5,4
co,4,NA,0.25,carpet,d.purpurea,12,20,NA,NA,0.6,0.0015448,5.950312783562069e-5,8
co,5,NA,0.25,carpet,d.purpurea,16,20,NA,NA,0.8,0.0015448,5.950312783562069e-5,4
co,5,NA,0.25,sticky,d.purpurea,20,20,NA,NA,1,0.0015448,5.950312783562069e-5,0
co,6,NA,0.25,carpet,d.purpurea,19,20,NA,NA,0.95,0.0015448,5.950312783562069e-5,1
co,6,NA,0.25,sticky,d.purpurea,19,20,NA,NA,0.95,0.0015448,5.950312783562069e-5,1
co,7,NA,0.25,carpet,d.purpurea,18,20,NA,NA,0.9,0.0015448,5.950312783562069e-5,2
co,7,NA,0.25,sticky,d.purpurea,17,20,NA,NA,0.85,0.0015448,5.950312783562069e-5,3
co,8,NA,0.25,carpet,d.purpurea,18,20,NA,NA,0.9,0.0015448,5.950312783562069e-5,2
co,8,NA,0.25,sticky,d.purpurea,17,20,NA,NA,0.85,0.0015448,5.950312783562069e-5,3
co,9,NA,0.25,carpet,d.purpurea,15,20,NA,NA,0.75,0.0015448,5.950312783562069e-5,5
co,9,NA,0.25,sticky,d.purpurea,14,20,NA,NA,0.7,0.0015448,5.950312783562069e-5,6
co,10,NA,0.25,carpet,d.purpurea,2,20,NA,NA,0.1,0.0015448,5.950312783562069e-5,18
co,10,NA,0.25,sticky,d.purpurea,13,20,NA,NA,0.65,0.0015448,5.950312783562069e-5,7
co,1,NA,1,carpet,d.purpurea,2,20,NA,NA,0.1,0.0015448,5.950312783562069e-5,18
co,1,NA,1,sticky,d.purpurea,9,20,NA,NA,0.45,0.0015448,5.950312783562069e-5,11
co,2,NA,1,carpet,d.purpurea,1,20,NA,NA,0.05,0.0015448,5.950312783562069e-5,19
co,2,NA,1,sticky,d.purpurea,19,20,NA,NA,0.95,0.0015448,5.950312783562069e-5,1
co,3,NA,1,carpet,d.purpurea,1,20,NA,NA,0.05,0.0015448,5.950312783562069e-5,19
co,3,NA,1,sticky,d.purpurea,16,20,NA,NA,0.8,0.0015448,5.950312783562069e-5,4
co,4,NA,1,carpet,d.purpurea,0,20,NA,NA,0,0.0015448,5.950312783562069e-5,20
co,4,NA,1,sticky,d.purpurea,15,20,NA,NA,0.75,0.0015448,5.950312783562069e-5,5
co,5,NA,1,carpet,d.purpurea,1,20,NA,NA,0.05,0.0015448,5.950312783562069e-5,19
co,5,NA,1,sticky,d.purpurea,5,20,NA,NA,0.25,0.0015448,5.950312783562069e-5,15
co,6,NA,1,carpet,d.purpurea,1,20,NA,NA,0.05,0.0015448,5.950312783562069e-5,19
co,6,NA,1,sticky,d.purpurea,16,20,NA,NA,0.8,0.0015448,5.950312783562069e-5,4
co,7,NA,1,carpet,d.purpurea,0,20,NA,NA,0,0.0015448,5.950312783562069e-5,20
co,7,NA,1,sticky,d.purpurea,13,20,NA,NA,0.65,0.0015448,5.950312783562069e-5,7
co,8,NA,1,carpet,d.purpurea,1,20,NA,NA,0.05,0.0015448,5.950312783562069e-5,19
co,8,NA,1,sticky,d.purpurea,14,20,NA,NA,0.7,0.0015448,5.950312783562069e-5,6
co,9,NA,1,carpet,d.purpurea,6,20,NA,NA,0.3,0.0015448,5.950312783562069e-5,14
co,9,NA,1,sticky,d.purpurea,10,20,NA,NA,0.5,0.0015448,5.950312783562069e-5,10
co,10,NA,1,carpet,d.purpurea,0,20,NA,NA,0,0.0015448,5.950312783562069e-5,20
co,10,NA,1,sticky,d.purpurea,4,20,NA,NA,0.2,0.0015448,5.950312783562069e-5,16
co,1,NA,2,carpet,d.purpurea,1,20,NA,NA,0.05,0.0015448,5.950312783562069e-5,19
co,1,NA,2,sticky,d.purpurea,17,20,NA,NA,0.85,0.0015448,5.950312783562069e-5,3
co,2,NA,2,carpet,d.purpurea,1,20,NA,NA,0.05,0.0015448,5.950312783562069e-5,19
co,2,NA,2,sticky,d.purpurea,14,20,NA,NA,0.7,0.0015448,5.950312783562069e-5,6
co,3,NA,2,carpet,d.purpurea,0,20,NA,NA,0,0.0015448,5.950312783562069e-5,20
co,3,NA,2,sticky,d.purpurea,15,20,NA,NA,0.75,0.0015448,5.950312783562069e-5,5
co,4,NA,2,carpet,d.purpurea,0,20,NA,NA,0,0.0015448,5.950312783562069e-5,20
co,4,NA,2,sticky,d.purpurea,14,20,NA,NA,0.7,0.0015448,5.950312783562069e-5,6
co,5,NA,2,carpet,d.purpurea,1,20,NA,NA,0.05,0.0015448,5.950312783562069e-5,19
co,5,NA,2,sticky,d.purpurea,9,20,NA,NA,0.45,0.0015448,5.950312783562069e-5,11
co,6,NA,2,carpet,d.purpurea,0,20,NA,NA,0,0.0015448,5.950312783562069e-5,20
co,6,NA,2,sticky,d.purpurea,12,20,NA,NA,0.6,0.0015448,5.950312783562069e-5,8
co,7,NA,2,carpet,d.purpurea,0,20,NA,NA,0,0.0015448,5.950312783562069e-5,20
co,7,NA,2,sticky,d.purpurea,6,20,NA,NA,0.3,0.0015448,5.950312783562069e-5,14
co,8,NA,2,carpet,d.purpurea,0,20,NA,NA,0,0.0015448,5.950312783562069e-5,20
co,8,NA,2,sticky,d.purpurea,12,20,NA,NA,0.6,0.0015448,5.950312783562069e-5,8
co,9,NA,2,carpet,d.purpurea,0,20,NA,NA,0,0.0015448,5.950312783562069e-5,20
co,9,NA,2,sticky,d.purpurea,6,20,NA,NA,0.3,0.0015448,5.950312783562069e-5,14
co,10,NA,2,carpet,d.purpurea,0,20,NA,NA,0,0.0015448,5.950312783562069e-5,20
co,10,NA,2,sticky,d.purpurea,0,20,NA,NA,0,0.0015448,5.950312783562069e-5,20
co,1,NA,0.25,sticky,h.annuus,2,20,NA,NA,0.1,0.00675,3.30124555618364e-4,18
co,1,NA,0.25,carpet,h.annuus,6,20,NA,NA,0.3,0.00675,3.30124555618364e-4,14
co,2,NA,0.25,sticky,h.annuus,2,20,NA,NA,0.1,0.00675,3.30124555618364e-4,18
co,2,NA,0.25,carpet,h.annuus,2,20,NA,NA,0.1,0.00675,3.30124555618364e-4,18
co,3,NA,0.25,sticky,h.annuus,0,20,NA,NA,0,0.00675,3.30124555618364e-4,20
co,3,NA,0.25,carpet,h.annuus,1,20,NA,NA,0.05,0.00675,3.30124555618364e-4,19
co,4,NA,0.25,sticky,h.annuus,1,20,NA,NA,0.05,0.00675,3.30124555618364e-4,19
co,4,NA,0.25,carpet,h.annuus,0,20,NA,NA,0,0.00675,3.30124555618364e-4,20
co,5,NA,0.25,carpet,h.annuus,1,20,NA,NA,0.05,0.00675,3.30124555618364e-4,19
co,5,NA,0.25,sticky,h.annuus,0,20,NA,NA,0,0.00675,3.30124555618364e-4,20
co,6,NA,0.25,carpet,h.annuus,2,20,NA,NA,0.1,0.00675,3.30124555618364e-4,18
co,6,NA,0.25,sticky,h.annuus,0,20,NA,NA,0,0.00675,3.30124555618364e-4,20
co,7,NA,0.25,carpet,h.annuus,4,20,NA,NA,0.2,0.00675,3.30124555618364e-4,16
co,7,NA,0.25,sticky,h.annuus,0,20,NA,NA,0,0.00675,3.30124555618364e-4,20
co,8,NA,0.25,carpet,h.annuus,1,20,NA,NA,0.05,0.00675,3.30124555618364e-4,19
co,8,NA,0.25,sticky,h.annuus,0,20,NA,NA,0,0.00675,3.30124555618364e-4,20
co,9,NA,0.25,carpet,h.annuus,3,20,NA,NA,0.15,0.00675,3.30124555618364e-4,17
co,9,NA,0.25,sticky,h.annuus,2,20,NA,NA,0.1,0.00675,3.30124555618364e-4,18
co,10,NA,0.25,carpet,h.annuus,2,20,NA,NA,0.1,0.00675,3.30124555618364e-4,18
co,10,NA,0.25,sticky,h.annuus,0,20,NA,NA,0,0.00675,3.30124555618364e-4,20
co,1,NA,1,carpet,h.annuus,2,20,NA,NA,0.1,0.00675,3.30124555618364e-4,18
co,1,NA,1,sticky,h.annuus,4,20,NA,NA,0.2,0.00675,3.30124555618364e-4,16
co,2,NA,1,carpet,h.annuus,1,20,NA,NA,0.05,0.00675,3.30124555618364e-4,19
co,2,NA,1,sticky,h.annuus,3,20,NA,NA,0.15,0.00675,3.30124555618364e-4,17
co,3,NA,1,carpet,h.annuus,2,20,NA,NA,0.1,0.00675,3.30124555618364e-4,18
co,3,NA,1,sticky,h.annuus,4,20,NA,NA,0.2,0.00675,3.30124555618364e-4,16
co,4,NA,1,carpet,h.annuus,2,20,NA,NA,0.1,0.00675,3.30124555618364e-4,18
co,4,NA,1,sticky,h.annuus,2,20,NA,NA,0.1,0.00675,3.30124555618364e-4,18
co,5,NA,1,carpet,h.annuus,0,20,NA,NA,0,0.00675,3.30124555618364e-4,20
co,5,NA,1,sticky,h.annuus,2,20,NA,NA,0.1,0.00675,3.30124555618364e-4,18
co,6,NA,1,carpet,h.annuus,0,20,NA,NA,0,0.00675,3.30124555618364e-4,20
co,6,NA,1,sticky,h.annuus,6,20,NA,NA,0.3,0.00675,3.30124555618364e-4,14
co,7,NA,1,carpet,h.annuus,1,20,NA,NA,0.05,0.00675,3.30124555618364e-4,19
co,7,NA,1,sticky,h.annuus,1,20,NA,NA,0.05,0.00675,3.30124555618364e-4,19
co,8,NA,1,carpet,h.annuus,1,20,NA,NA,0.05,0.00675,3.30124555618364e-4,19
co,8,NA,1,sticky,h.annuus,1,20,NA,NA,0.05,0.00675,3.30124555618364e-4,19
co,9,NA,1,carpet,h.annuus,1,20,NA,NA,0.05,0.00675,3.30124555618364e-4,19
co,9,NA,1,sticky,h.annuus,0,20,NA,NA,0,0.00675,3.30124555618364e-4,20
co,10,NA,1,carpet,h.annuus,0,20,NA,NA,0,0.00675,3.30124555618364e-4,20
co,10,NA,1,sticky,h.annuus,1,20,NA,NA,0.05,0.00675,3.30124555618364e-4,19
co,1,NA,2,carpet,h.annuus,2,20,NA,NA,0.1,0.00675,3.30124555618364e-4,18
co,1,NA,2,sticky,h.annuus,2,20,NA,NA,0.1,0.00675,3.30124555618364e-4,18
co,2,NA,2,carpet,h.annuus,1,20,NA,NA,0.05,0.00675,3.30124555618364e-4,19
co,2,NA,2,sticky,h.annuus,2,20,NA,NA,0.1,0.00675,3.30124555618364e-4,18
co,3,NA,2,carpet,h.annuus,3,20,NA,NA,0.15,0.00675,3.30124555618364e-4,17
co,3,NA,2,sticky,h.annuus,5,20,NA,NA,0.25,0.00675,3.30124555618364e-4,15
co,4,NA,2,carpet,h.annuus,1,20,NA,NA,0.05,0.00675,3.30124555618364e-4,19
co,4,NA,2,sticky,h.annuus,3,20,NA,NA,0.15,0.00675,3.30124555618364e-4,17
co,5,NA,2,carpet,h.annuus,2,20,NA,NA,0.1,0.00675,3.30124555618364e-4,18
co,5,NA,2,sticky,h.annuus,0,20,NA,NA,0,0.00675,3.30124555618364e-4,20
co,6,NA,2,carpet,h.annuus,0,20,NA,NA,0,0.00675,3.30124555618364e-4,20
co,6,NA,2,sticky,h.annuus,1,20,NA,NA,0.05,0.00675,3.30124555618364e-4,19
co,7,NA,2,carpet,h.annuus,1,20,NA,NA,0.05,0.00675,3.30124555618364e-4,19
co,7,NA,2,sticky,h.annuus,0,20,NA,NA,0,0.00675,3.30124555618364e-4,20
co,8,NA,2,carpet,h.annuus,0,20,NA,NA,0,0.00675,3.30124555618364e-4,20
co,8,NA,2,sticky,h.annuus,2,20,NA,NA,0.1,0.00675,3.30124555618364e-4,18
co,9,NA,2,carpet,h.annuus,1,20,NA,NA,0.05,0.00675,3.30124555618364e-4,19
co,9,NA,2,sticky,h.annuus,0,20,NA,NA,0,0.00675,3.30124555618364e-4,20
co,10,NA,2,carpet,h.annuus,0,20,NA,NA,0,0.00675,3.30124555618364e-4,20
co,10,NA,2,sticky,h.annuus,0,20,NA,NA,0,0.00675,3.30124555618364e-4,20
co,1,NA,0.25,sticky,s.rigida,19,20,NA,NA,0.95,7.592e-4,2.5494225925796527e-5,1
co,1,NA,0.25,carpet,s.rigida,0,20,NA,NA,0,7.592e-4,2.5494225925796527e-5,20
co,2,NA,0.25,sticky,s.rigida,20,20,NA,NA,1,7.592e-4,2.5494225925796527e-5,0
co,2,NA,0.25,carpet,s.rigida,8,20,NA,NA,0.4,7.592e-4,2.5494225925796527e-5,12
co,3,NA,0.25,sticky,s.rigida,16,20,NA,NA,0.8,7.592e-4,2.5494225925796527e-5,4
co,3,NA,0.25,carpet,s.rigida,14,20,NA,NA,0.7,7.592e-4,2.5494225925796527e-5,6
co,4,NA,0.25,sticky,s.rigida,20,20,NA,NA,1,7.592e-4,2.5494225925796527e-5,0
co,4,NA,0.25,carpet,s.rigida,9,20,NA,NA,0.45,7.592e-4,2.5494225925796527e-5,11
co,5,NA,0.25,carpet,s.rigida,18,20,NA,NA,0.9,7.592e-4,2.5494225925796527e-5,2
co,5,NA,0.25,sticky,s.rigida,20,20,NA,NA,1,7.592e-4,2.5494225925796527e-5,0
co,6,NA,0.25,carpet,s.rigida,18,20,NA,NA,0.9,7.592e-4,2.5494225925796527e-5,2
co,6,NA,0.25,sticky,s.rigida,19,20,NA,NA,0.95,7.592e-4,2.5494225925796527e-5,1
co,7,NA,0.25,carpet,s.rigida,18,20,NA,NA,0.9,7.592e-4,2.5494225925796527e-5,2
co,7,NA,0.25,sticky,s.rigida,20,20,NA,NA,1,7.592e-4,2.5494225925796527e-5,0
co,8,NA,0.25,carpet,s.rigida,20,20,NA,NA,1,7.592e-4,2.5494225925796527e-5,0
co,8,NA,0.25,sticky,s.rigida,20,20,NA,NA,1,7.592e-4,2.5494225925796527e-5,0
co,9,NA,0.25,carpet,s.rigida,13,20,NA,NA,0.65,7.592e-4,2.5494225925796527e-5,7
co,9,NA,0.25,sticky,s.rigida,18,20,NA,NA,0.9,7.592e-4,2.5494225925796527e-5,2
co,10,NA,0.25,carpet,s.rigida,10,20,NA,NA,0.5,7.592e-4,2.5494225925796527e-5,10
co,10,NA,0.25,sticky,s.rigida,14,20,NA,NA,0.7,7.592e-4,2.5494225925796527e-5,6
co,1,NA,1,carpet,s.rigida,0,20,NA,NA,0,7.592e-4,2.5494225925796527e-5,20
co,1,NA,1,sticky,s.rigida,16,20,NA,NA,0.8,7.592e-4,2.5494225925796527e-5,4
co,2,NA,1,carpet,s.rigida,0,20,NA,NA,0,7.592e-4,2.5494225925796527e-5,20
co,2,NA,1,sticky,s.rigida,12,20,NA,NA,0.6,7.592e-4,2.5494225925796527e-5,8
co,3,NA,1,carpet,s.rigida,1,20,NA,NA,0.05,7.592e-4,2.5494225925796527e-5,19
co,3,NA,1,sticky,s.rigida,20,20,NA,NA,1,7.592e-4,2.5494225925796527e-5,0
co,4,NA,1,carpet,s.rigida,1,20,NA,NA,0.05,7.592e-4,2.5494225925796527e-5,19
co,4,NA,1,sticky,s.rigida,16,20,NA,NA,0.8,7.592e-4,2.5494225925796527e-5,4
co,5,NA,1,carpet,s.rigida,0,20,NA,NA,0,7.592e-4,2.5494225925796527e-5,20
co,5,NA,1,sticky,s.rigida,9,20,NA,NA,0.45,7.592e-4,2.5494225925796527e-5,11
co,6,NA,1,carpet,s.rigida,0,20,NA,NA,0,7.592e-4,2.5494225925796527e-5,20
co,6,NA,1,sticky,s.rigida,17,20,NA,NA,0.85,7.592e-4,2.5494225925796527e-5,3
co,7,NA,1,carpet,s.rigida,0,20,NA,NA,0,7.592e-4,2.5494225925796527e-5,20
co,7,NA,1,sticky,s.rigida,10,20,NA,NA,0.5,7.592e-4,2.5494225925796527e-5,10
co,8,NA,1,carpet,s.rigida,0,20,NA,NA,0,7.592e-4,2.5494225925796527e-5,20
co,8,NA,1,sticky,s.rigida,13,20,NA,NA,0.65,7.592e-4,2.5494225925796527e-5,7
co,9,NA,1,carpet,s.rigida,4,20,NA,NA,0.2,7.592e-4,2.5494225925796527e-5,16
co,9,NA,1,sticky,s.rigida,6,20,NA,NA,0.3,7.592e-4,2.5494225925796527e-5,14
co,10,NA,1,carpet,s.rigida,3,20,NA,NA,0.15,7.592e-4,2.5494225925796527e-5,17
co,10,NA,1,sticky,s.rigida,7,20,NA,NA,0.35,7.592e-4,2.5494225925796527e-5,13
co,1,NA,2,carpet,s.rigida,0,20,NA,NA,0,7.592e-4,2.5494225925796527e-5,20
co,1,NA,2,sticky,s.rigida,15,20,NA,NA,0.75,7.592e-4,2.5494225925796527e-5,5
co,2,NA,2,carpet,s.rigida,0,20,NA,NA,0,7.592e-4,2.5494225925796527e-5,20
co,2,NA,2,sticky,s.rigida,16,20,NA,NA,0.8,7.592e-4,2.5494225925796527e-5,4
co,3,NA,2,carpet,s.rigida,0,20,NA,NA,0,7.592e-4,2.5494225925796527e-5,20
co,3,NA,2,sticky,s.rigida,16,20,NA,NA,0.8,7.592e-4,2.5494225925796527e-5,4
co,4,NA,2,carpet,s.rigida,0,20,NA,NA,0,7.592e-4,2.5494225925796527e-5,20
co,4,NA,2,sticky,s.rigida,15,20,NA,NA,0.75,7.592e-4,2.5494225925796527e-5,5
co,5,NA,2,carpet,s.rigida,0,20,NA,NA,0,7.592e-4,2.5494225925796527e-5,20
co,5,NA,2,sticky,s.rigida,12,20,NA,NA,0.6,7.592e-4,2.5494225925796527e-5,8
co,6,NA,2,carpet,s.rigida,0,20,NA,NA,0,7.592e-4,2.5494225925796527e-5,20
co,6,NA,2,sticky,s.rigida,20,20,NA,NA,1,7.592e-4,2.5494225925796527e-5,0
co,7,NA,2,carpet,s.rigida,0,20,NA,NA,0,7.592e-4,2.5494225925796527e-5,20
co,7,NA,2,sticky,s.rigida,5,20,NA,NA,0.25,7.592e-4,2.5494225925796527e-5,15
co,8,NA,2,carpet,s.rigida,0,20,NA,NA,0,7.592e-4,2.5494225925796527e-5,20
co,8,NA,2,sticky,s.rigida,6,20,NA,NA,0.3,7.592e-4,2.5494225925796527e-5,14
co,9,NA,2,carpet,s.rigida,6,20,NA,NA,0.3,7.592e-4,2.5494225925796527e-5,14
co,9,NA,2,sticky,s.rigida,5,20,NA,NA,0.25,7.592e-4,2.5494225925796527e-5,15
co,10,NA,2,carpet,s.rigida,2,20,NA,NA,0.1,7.592e-4,2.5494225925796527e-5,18
co,10,NA,2,sticky,s.rigida,2,20,NA,NA,0.1,7.592e-4,2.5494225925796527e-5,18
co,1,NA,0.25,sticky,s.angustifolium,20,20,NA,NA,1,8.4e-4,4.438217860558198e-5,0
co,1,NA,0.25,carpet,s.angustifolium,3,20,NA,NA,0.15,8.4e-4,4.438217860558198e-5,17
co,2,NA,0.25,sticky,s.angustifolium,20,20,NA,NA,1,8.4e-4,4.438217860558198e-5,0
co,2,NA,0.25,carpet,s.angustifolium,16,20,NA,NA,0.8,8.4e-4,4.438217860558198e-5,4
co,3,NA,0.25,sticky,s.angustifolium,20,20,NA,NA,1,8.4e-4,4.438217860558198e-5,0
co,3,NA,0.25,carpet,s.angustifolium,20,20,NA,NA,1,8.4e-4,4.438217860558198e-5,0
co,4,NA,0.25,sticky,s.angustifolium,20,20,NA,NA,1,8.4e-4,4.438217860558198e-5,0
co,4,NA,0.25,carpet,s.angustifolium,16,20,NA,NA,0.8,8.4e-4,4.438217860558198e-5,4
co,5,NA,0.25,carpet,s.angustifolium,19,20,NA,NA,0.95,8.4e-4,4.438217860558198e-5,1
co,5,NA,0.25,sticky,s.angustifolium,20,20,NA,NA,1,8.4e-4,4.438217860558198e-5,0
co,6,NA,0.25,carpet,s.angustifolium,20,20,NA,NA,1,8.4e-4,4.438217860558198e-5,0
co,6,NA,0.25,sticky,s.angustifolium,20,20,NA,NA,1,8.4e-4,4.438217860558198e-5,0
co,7,NA,0.25,carpet,s.angustifolium,18,20,NA,NA,0.9,8.4e-4,4.438217860558198e-5,2
co,7,NA,0.25,sticky,s.angustifolium,19,20,NA,NA,0.95,8.4e-4,4.438217860558198e-5,1
co,8,NA,0.25,carpet,s.angustifolium,20,20,NA,NA,1,8.4e-4,4.438217860558198e-5,0
co,8,NA,0.25,sticky,s.angustifolium,20,20,NA,NA,1,8.4e-4,4.438217860558198e-5,0
co,9,NA,0.25,carpet,s.angustifolium,19,20,NA,NA,0.95,8.4e-4,4.438217860558198e-5,1
co,9,NA,0.25,sticky,s.angustifolium,18,20,NA,NA,0.9,8.4e-4,4.438217860558198e-5,2
co,10,NA,0.25,carpet,s.angustifolium,15,20,NA,NA,0.75,8.4e-4,4.438217860558198e-5,5
co,10,NA,0.25,sticky,s.angustifolium,16,20,NA,NA,0.8,8.4e-4,4.438217860558198e-5,4
co,1,NA,1,carpet,s.angustifolium,1,20,NA,NA,0.05,8.4e-4,4.438217860558198e-5,19
co,1,NA,1,sticky,s.angustifolium,15,20,NA,NA,0.75,8.4e-4,4.438217860558198e-5,5
co,2,NA,1,carpet,s.angustifolium,0,20,NA,NA,0,8.4e-4,4.438217860558198e-5,20
co,2,NA,1,sticky,s.angustifolium,16,20,NA,NA,0.8,8.4e-4,4.438217860558198e-5,4
co,3,NA,1,carpet,s.angustifolium,15,20,NA,NA,0.75,8.4e-4,4.438217860558198e-5,5
co,3,NA,1,sticky,s.angustifolium,19,20,NA,NA,0.95,8.4e-4,4.438217860558198e-5,1
co,4,NA,1,carpet,s.angustifolium,10,20,NA,NA,0.5,8.4e-4,4.438217860558198e-5,10
co,4,NA,1,sticky,s.angustifolium,19,20,NA,NA,0.95,8.4e-4,4.438217860558198e-5,1
co,5,NA,1,carpet,s.angustifolium,2,20,NA,NA,0.1,8.4e-4,4.438217860558198e-5,18
co,5,NA,1,sticky,s.angustifolium,14,20,NA,NA,0.7,8.4e-4,4.438217860558198e-5,6
co,6,NA,1,carpet,s.angustifolium,0,20,NA,NA,0,8.4e-4,4.438217860558198e-5,20
co,6,NA,1,sticky,s.angustifolium,20,20,NA,NA,1,8.4e-4,4.438217860558198e-5,0
co,7,NA,1,carpet,s.angustifolium,1,20,NA,NA,0.05,8.4e-4,4.438217860558198e-5,19
co,7,NA,1,sticky,s.angustifolium,18,20,NA,NA,0.9,8.4e-4,4.438217860558198e-5,2
co,8,NA,1,carpet,s.angustifolium,0,20,NA,NA,0,8.4e-4,4.438217860558198e-5,20
co,8,NA,1,sticky,s.angustifolium,19,20,NA,NA,0.95,8.4e-4,4.438217860558198e-5,1
co,9,NA,1,carpet,s.angustifolium,17,20,NA,NA,0.85,8.4e-4,4.438217860558198e-5,3
co,9,NA,1,sticky,s.angustifolium,15,20,NA,NA,0.75,8.4e-4,4.438217860558198e-5,5
co,10,NA,1,carpet,s.angustifolium,8,20,NA,NA,0.4,8.4e-4,4.438217860558198e-5,12
co,10,NA,1,sticky,s.angustifolium,13,20,NA,NA,0.65,8.4e-4,4.438217860558198e-5,7
co,1,NA,2,carpet,s.angustifolium,0,20,NA,NA,0,8.4e-4,4.438217860558198e-5,20
co,1,NA,2,sticky,s.angustifolium,19,20,NA,NA,0.95,8.4e-4,4.438217860558198e-5,1
co,2,NA,2,carpet,s.angustifolium,0,20,NA,NA,0,8.4e-4,4.438217860558198e-5,20
co,2,NA,2,sticky,s.angustifolium,19,20,NA,NA,0.95,8.4e-4,4.438217860558198e-5,1
co,3,NA,2,carpet,s.angustifolium,7,20,NA,NA,0.35,8.4e-4,4.438217860558198e-5,13
co,3,NA,2,sticky,s.angustifolium,19,20,NA,NA,0.95,8.4e-4,4.438217860558198e-5,1
co,4,NA,2,carpet,s.angustifolium,9,20,NA,NA,0.45,8.4e-4,4.438217860558198e-5,11
co,4,NA,2,sticky,s.angustifolium,16,20,NA,NA,0.8,8.4e-4,4.438217860558198e-5,4
co,5,NA,2,carpet,s.angustifolium,0,20,NA,NA,0,8.4e-4,4.438217860558198e-5,20
co,5,NA,2,sticky,s.angustifolium,15,20,NA,NA,0.75,8.4e-4,4.438217860558198e-5,5
co,6,NA,2,carpet,s.angustifolium,0,20,NA,NA,0,8.4e-4,4.438217860558198e-5,20
co,6,NA,2,sticky,s.angustifolium,19,20,NA,NA,0.95,8.4e-4,4.438217860558198e-5,1
co,7,NA,2,carpet,s.angustifolium,0,20,NA,NA,0,8.4e-4,4.438217860558198e-5,20
co,7,NA,2,sticky,s.angustifolium,16,20,NA,NA,0.8,8.4e-4,4.438217860558198e-5,4
co,8,NA,2,carpet,s.angustifolium,2,20,NA,NA,0.1,8.4e-4,4.438217860558198e-5,18
co,8,NA,2,sticky,s.angustifolium,15,20,NA,NA,0.75,8.4e-4,4.438217860558198e-5,5
co,9,NA,2,carpet,s.angustifolium,16,20,NA,NA,0.8,8.4e-4,4.438217860558198e-5,4
co,9,NA,2,sticky,s.angustifolium,7,20,NA,NA,0.35,8.4e-4,4.438217860558198e-5,13
co,10,NA,2,carpet,s.angustifolium,7,20,NA,NA,0.35,8.4e-4,4.438217860558198e-5,13
co,10,NA,2,sticky,s.angustifolium,3,20,NA,NA,0.15,8.4e-4,4.438217860558198e-5,17
co,1,NA,0.25,sticky,y.glauca,10,10,NA,NA,1,0.0199016,5.181992752685873e-4,0
co,1,NA,0.25,carpet,y.glauca,0,10,NA,NA,0,0.0199016,5.181992752685873e-4,10
co,2,NA,0.25,sticky,y.glauca,10,10,NA,NA,1,0.0199016,5.181992752685873e-4,0
co,2,NA,0.25,carpet,y.glauca,6,10,NA,NA,0.6,0.0199016,5.181992752685873e-4,4
co,3,NA,0.25,sticky,y.glauca,8,10,NA,NA,0.8,0.0199016,5.181992752685873e-4,2
co,3,NA,0.25,carpet,y.glauca,8,10,NA,NA,0.8,0.0199016,5.181992752685873e-4,2
co,4,NA,0.25,sticky,y.glauca,8,10,NA,NA,0.8,0.0199016,5.181992752685873e-4,2
co,4,NA,0.25,carpet,y.glauca,8,10,NA,NA,0.8,0.0199016,5.181992752685873e-4,2
co,5,NA,0.25,carpet,y.glauca,6,10,NA,NA,0.6,0.0199016,5.181992752685873e-4,4
co,5,NA,0.25,sticky,y.glauca,10,10,NA,NA,1,0.0199016,5.181992752685873e-4,0
co,6,NA,0.25,carpet,y.glauca,7,10,NA,NA,0.7,0.0199016,5.181992752685873e-4,3
co,6,NA,0.25,sticky,y.glauca,9,10,NA,NA,0.9,0.0199016,5.181992752685873e-4,1
co,7,NA,0.25,carpet,y.glauca,10,10,NA,NA,1,0.0199016,5.181992752685873e-4,0
co,7,NA,0.25,sticky,y.glauca,10,10,NA,NA,1,0.0199016,5.181992752685873e-4,0
co,8,NA,0.25,carpet,y.glauca,8,10,NA,NA,0.8,0.0199016,5.181992752685873e-4,2
co,8,NA,0.25,sticky,y.glauca,9,10,NA,NA,0.9,0.0199016,5.181992752685873e-4,1
co,9,NA,0.25,carpet,y.glauca,8,10,NA,NA,0.8,0.0199016,5.181992752685873e-4,2
co,9,NA,0.25,sticky,y.glauca,10,10,NA,NA,1,0.0199016,5.181992752685873e-4,0
co,10,NA,0.25,carpet,y.glauca,9,10,NA,NA,0.9,0.0199016,5.181992752685873e-4,1
co,10,NA,0.25,sticky,y.glauca,8,10,NA,NA,0.8,0.0199016,5.181992752685873e-4,2
co,1,NA,1,carpet,y.glauca,0,10,NA,NA,0,0.0199016,5.181992752685873e-4,10
co,1,NA,1,sticky,y.glauca,9,10,NA,NA,0.9,0.0199016,5.181992752685873e-4,1
co,2,NA,1,carpet,y.glauca,0,10,NA,NA,0,0.0199016,5.181992752685873e-4,10
co,2,NA,1,sticky,y.glauca,8,10,NA,NA,0.8,0.0199016,5.181992752685873e-4,2
co,3,NA,1,carpet,y.glauca,1,10,NA,NA,0.1,0.0199016,5.181992752685873e-4,9
co,3,NA,1,sticky,y.glauca,9,10,NA,NA,0.9,0.0199016,5.181992752685873e-4,1
co,4,NA,1,carpet,y.glauca,1,10,NA,NA,0.1,0.0199016,5.181992752685873e-4,9
co,4,NA,1,sticky,y.glauca,9,10,NA,NA,0.9,0.0199016,5.181992752685873e-4,1
co,5,NA,1,carpet,y.glauca,2,10,NA,NA,0.2,0.0199016,5.181992752685873e-4,8
co,5,NA,1,sticky,y.glauca,6,10,NA,NA,0.6,0.0199016,5.181992752685873e-4,4
co,6,NA,1,carpet,y.glauca,1,10,NA,NA,0.1,0.0199016,5.181992752685873e-4,9
co,6,NA,1,sticky,y.glauca,7,10,NA,NA,0.7,0.0199016,5.181992752685873e-4,3
co,7,NA,1,carpet,y.glauca,2,10,NA,NA,0.2,0.0199016,5.181992752685873e-4,8
co,7,NA,1,sticky,y.glauca,5,10,NA,NA,0.5,0.0199016,5.181992752685873e-4,5
co,8,NA,1,carpet,y.glauca,0,10,NA,NA,0,0.0199016,5.181992752685873e-4,10
co,8,NA,1,sticky,y.glauca,6,10,NA,NA,0.6,0.0199016,5.181992752685873e-4,4
co,9,NA,1,carpet,y.glauca,0,10,NA,NA,0,0.0199016,5.181992752685873e-4,10
co,9,NA,1,sticky,y.glauca,6,10,NA,NA,0.6,0.0199016,5.181992752685873e-4,4
co,10,NA,1,carpet,y.glauca,4,10,NA,NA,0.4,0.0199016,5.181992752685873e-4,6
co,10,NA,1,sticky,y.glauca,4,10,NA,NA,0.4,0.0199016,5.181992752685873e-4,6
co,1,NA,2,carpet,y.glauca,0,10,NA,NA,0,0.0199016,5.181992752685873e-4,10
co,1,NA,2,sticky,y.glauca,6,10,NA,NA,0.6,0.0199016,5.181992752685873e-4,4
co,2,NA,2,carpet,y.glauca,0,10,NA,NA,0,0.0199016,5.181992752685873e-4,10
co,2,NA,2,sticky,y.glauca,5,10,NA,NA,0.5,0.0199016,5.181992752685873e-4,5
co,3,NA,2,carpet,y.glauca,0,10,NA,NA,0,0.0199016,5.181992752685873e-4,10
co,3,NA,2,sticky,y.glauca,7,10,NA,NA,0.7,0.0199016,5.181992752685873e-4,3
co,4,NA,2,carpet,y.glauca,2,10,NA,NA,0.2,0.0199016,5.181992752685873e-4,8
co,4,NA,2,sticky,y.glauca,5,10,NA,NA,0.5,0.0199016,5.181992752685873e-4,5
co,5,NA,2,carpet,y.glauca,2,10,NA,NA,0.2,0.0199016,5.181992752685873e-4,8
co,5,NA,2,sticky,y.glauca,8,10,NA,NA,0.8,0.0199016,5.181992752685873e-4,2
co,6,NA,2,carpet,y.glauca,0,10,NA,NA,0,0.0199016,5.181992752685873e-4,10
co,6,NA,2,sticky,y.glauca,6,10,NA,NA,0.6,0.0199016,5.181992752685873e-4,4
co,7,NA,2,carpet,y.glauca,3,10,NA,NA,0.3,0.0199016,5.181992752685873e-4,7
co,7,NA,2,sticky,y.glauca,7,10,NA,NA,0.7,0.0199016,5.181992752685873e-4,3
co,8,NA,2,carpet,y.glauca,0,10,NA,NA,0,0.0199016,5.181992752685873e-4,10
co,8,NA,2,sticky,y.glauca,4,10,NA,NA,0.4,0.0199016,5.181992752685873e-4,6
co,9,NA,2,carpet,y.glauca,0,10,NA,NA,0,0.0199016,5.181992752685873e-4,10
co,9,NA,2,sticky,y.glauca,2,10,NA,NA,0.2,0.0199016,5.181992752685873e-4,8
co,10,NA,2,carpet,y.glauca,0,10,NA,NA,0,0.0199016,5.181992752685873e-4,10
co,10,NA,2,sticky,y.glauca,5,10,NA,NA,0.5,0.0199016,5.181992752685873e-4,5